epoch,train_loss,train_accuracy,"train_ChainResponseConstraint(solver=WeightedSamplingSolver(num_samples=100), settings=RelationConstraintSettings(a=4, b=5))","train_ExistenceConstraint(solver=WeightedSamplingSolver(num_samples=100), settings=ExistenceCountConstraintSettings(activity=4, count=1))","train_ExistenceConstraint(solver=WeightedSamplingSolver(num_samples=100), settings=ExistenceCountConstraintSettings(activity=10, count=1))","train_AlternateResponseConstraint(solver=WeightedSamplingSolver(num_samples=100), settings=RelationConstraintSettings(a=10, b=5))","train_SuccessionConstraint(solver=WeightedSamplingSolver(num_samples=100), settings=RelationConstraintSettings(a=5, b=6))","train_SuccessionConstraint(solver=WeightedSamplingSolver(num_samples=100), settings=RelationConstraintSettings(a=4, b=5))","train_ChainSuccessionConstraint(solver=WeightedSamplingSolver(num_samples=100), settings=RelationConstraintSettings(a=10, b=4))","train_InitConstraint(solver=WeightedSamplingSolver(num_samples=100), settings=ExistenceConstraintSettings(activity=10))","train_ExistenceConstraint(solver=WeightedSamplingSolver(num_samples=100), settings=ExistenceConstraintSettings(activity=5))",val_loss,val_accuracy,"val_ChainResponseConstraint(solver=WeightedSamplingSolver(num_samples=100), settings=RelationConstraintSettings(a=4, b=5))","val_ExistenceConstraint(solver=WeightedSamplingSolver(num_samples=100), settings=ExistenceCountConstraintSettings(activity=4, count=1))","val_ExistenceConstraint(solver=WeightedSamplingSolver(num_samples=100), settings=ExistenceCountConstraintSettings(activity=10, count=1))","val_AlternateResponseConstraint(solver=WeightedSamplingSolver(num_samples=100), settings=RelationConstraintSettings(a=10, b=5))","val_SuccessionConstraint(solver=WeightedSamplingSolver(num_samples=100), settings=RelationConstraintSettings(a=5, b=6))","val_SuccessionConstraint(solver=WeightedSamplingSolver(num_samples=100), settings=RelationConstraintSettings(a=4, b=5))","val_ChainSuccessionConstraint(solver=WeightedSamplingSolver(num_samples=100), settings=RelationConstraintSettings(a=10, b=4))","val_InitConstraint(solver=WeightedSamplingSolver(num_samples=100), settings=ExistenceConstraintSettings(activity=10))","val_ExistenceConstraint(solver=WeightedSamplingSolver(num_samples=100), settings=ExistenceConstraintSettings(activity=5))"
101,0.3334048327277952,0.5328310132026672,inf,inf,inf,0.0008680659991044265,inf,inf,inf,inf,inf,0.34847184990604335,0.5423728823661804,inf,inf,inf,0.0010067132803109975,inf,inf,inf,inf,inf
102,0.3137825635561827,0.5425188541412354,inf,inf,inf,0.0012215203963793241,inf,inf,inf,inf,inf,0.34156285283657223,0.5423728823661804,inf,inf,inf,0.000986466040978065,inf,inf,inf,inf,inf
103,0.32818242215636506,0.5285252928733826,inf,inf,inf,0.0010547924500245315,inf,inf,inf,inf,inf,0.34580466910623586,0.5423728823661804,inf,inf,inf,0.0009917754393357497,inf,inf,inf,inf,inf
104,0.33112355125082943,0.5156081914901733,inf,inf,inf,0.0012158568088824933,inf,inf,inf,inf,inf,0.36681128622820747,0.5423728823661804,inf,inf,inf,0.0006914138793945312,inf,inf,inf,inf,0.5305241071260892
105,0.3606756271642203,0.45102259516716003,inf,inf,inf,0.0012627014747032751,inf,inf,inf,inf,inf,0.39240021416201043,0.47457626461982727,inf,inf,inf,0.0010528656152578501,inf,inf,inf,inf,0.4803285598754883
106,0.3943679047101446,0.4111948311328888,inf,inf,inf,0.0012433368426102858,inf,inf,inf,inf,inf,0.41181826706116015,0.29661017656326294,inf,0.5971172406123235,inf,0.0009070451443011945,inf,inf,inf,inf,0.4564016048724835
107,0.41007815686484367,0.3875134587287903,inf,inf,inf,0.0016667097806930542,inf,inf,inf,inf,inf,0.4256456970022275,0.29661017656326294,inf,inf,inf,0.0009917112497182994,inf,inf,inf,inf,0.4359966791593112
108,0.41540525788709953,0.3692142069339752,inf,inf,inf,0.0017582052029096163,inf,inf,inf,inf,inf,0.42836402929746187,0.33898305892944336,inf,inf,inf,0.0007161910717303937,inf,inf,inf,inf,0.43825751084547776
109,0.4412025357596576,0.39827772974967957,inf,inf,inf,0.0031001453216259298,inf,inf,inf,inf,inf,0.4402241724041792,0.33898305892944336,inf,inf,1.4413334773137019,0.0013721172626201923,inf,inf,inf,inf,0.4148915730989896
110,0.4372363340181227,0.3939720094203949,inf,inf,inf,0.004269861257993258,inf,inf,inf,inf,inf,0.4571157218172,0.29661017656326294,inf,0.2914148660806509,inf,0.0022698090626643254,inf,inf,inf,inf,0.41777530083289516
111,0.4853345445679644,0.3799784779548645,inf,inf,inf,0.01551031837096581,inf,inf,inf,inf,inf,0.47441280790819573,0.29661017656326294,inf,0.23665241094735953,1.210489273071289,0.005086568685678335,0.9611228796151968,inf,inf,inf,0.3979888695936937
112,0.5077589672918503,0.38536059856414795,inf,inf,inf,0.017739171018967263,inf,inf,inf,inf,inf,0.4773830162504545,0.33898305892944336,inf,0.3498569635244516,1.0326775770920973,0.034125951620248646,inf,inf,inf,inf,0.3599725136390099
113,0.48954795519463146,0.376749187707901,inf,inf,inf,0.018477345888431255,inf,inf,inf,inf,inf,0.4803613746682039,0.3644067943096161,inf,0.20097934282743013,1.0778607588547926,0.006243293101970966,0.9354072717519907,inf,inf,inf,0.3795025165264423
114,0.49138169216278654,0.38213133811950684,inf,inf,0.892479814015902,0.043908961690389194,inf,inf,inf,inf,inf,0.4838333453696508,0.33898305892944336,inf,0.25732537416311413,0.9424773729764498,0.01158748223231389,inf,inf,inf,inf,0.3704090852003831
115,0.5334321826768036,0.35414424538612366,inf,0.25082422907535845,inf,0.027690835297107697,inf,inf,inf,inf,inf,0.4967857814179017,0.33898305892944336,inf,0.20839865391071027,1.0090668018047626,0.011388164300184984,inf,inf,inf,inf,0.44198006850022536
116,0.5211850978935567,0.356297105550766,inf,inf,inf,0.03382508685955635,inf,inf,inf,inf,0.5419091169650738,0.5034268724803741,0.33898305892944336,inf,0.2172088623046875,0.9081827310415415,0.00929087858933669,inf,inf,inf,1.7623135493351862,0.3981049977816068
117,0.5469938460737467,0.3519913852214813,inf,0.2284698738501622,inf,0.041866254348021284,inf,inf,inf,inf,inf,0.5098453748684663,0.347457617521286,inf,0.24042166196382964,0.9711402012751653,0.006829509368309608,inf,inf,inf,inf,0.4818674601041354
118,0.5724854803142639,0.34122711420059204,inf,0.2599092550002612,inf,0.056691995033851035,inf,inf,inf,inf,inf,0.5179849920364527,0.347457617521286,inf,0.21269016999464768,0.9249409895676833,0.02372617904956524,inf,inf,inf,inf,0.4355958058283879
119,0.570061284260681,0.3347685635089874,inf,0.21991056776963747,0.6508395580145029,0.0590564665886072,inf,inf,inf,inf,inf,0.5306544779584959,0.347457617521286,inf,0.2683892800257756,0.6768082105196439,0.024001552508427546,inf,inf,inf,inf,0.39476497356708234
120,0.5661233922180074,0.31001076102256775,inf,0.19813813727635604,inf,0.0740619978079429,inf,inf,inf,inf,0.5364733567604651,0.5399362484996135,0.3305084705352783,inf,0.18915572533240685,0.6392446664663461,0.026181945433983438,0.6147212248582107,inf,inf,inf,0.46174790309025693
121,0.5817468341869804,0.3013993501663208,inf,0.17365843745378348,0.4962424269089332,0.1085088447882579,inf,inf,inf,inf,0.48127815356621373,0.5335968096668904,0.347457617521286,inf,0.2288638995243953,0.6653153346135066,0.0429985706622784,0.5065456537099985,inf,inf,inf,0.532464284163255
122,0.5761420549108431,0.31324005126953125,inf,0.2232087873495542,0.593148084787222,inf,inf,inf,inf,inf,0.4869477909344893,0.5329538675454947,0.3644067943096161,inf,0.18398504990797776,0.5917011407705454,0.022340893745422363,0.6206783147958609,inf,inf,inf,0.46848535537719727
123,0.5431635668501258,0.3326157033443451,inf,0.1765515827215635,0.46349255396769595,inf,inf,inf,inf,inf,0.419815508218912,0.527590251312806,0.347457617521286,inf,0.2486882576575646,0.5326703511751615,0.04645486978384165,0.7291746139526367,inf,inf,1.5987657400277944,0.5023772899921124
124,0.554858733040209,0.30678147077560425,inf,0.19811725616455078,0.422633735033182,inf,0.6128062697557303,inf,inf,inf,0.47206658583420974,0.5352347911550448,0.3305084705352783,inf,0.2392573723426232,0.5854324927696815,inf,0.9835079633272611,inf,inf,1.3443858806903546,0.4533721850468562
125,0.5229328658001927,0.2981700897216797,inf,0.1376722386250129,0.3753018929408147,inf,0.533889848452348,inf,inf,inf,0.3771766699277438,0.5306377588556364,0.3305084705352783,inf,0.28309284723722017,0.45620041627150315,inf,0.8881642268254206,inf,inf,1.4594639998215895,0.37121846125676083
126,0.5431883999934564,0.3078579008579254,inf,0.17061251401901245,0.30130353569984436,inf,inf,inf,inf,inf,inf,0.5227131969653643,0.3305084705352783,inf,0.27991531445429874,0.4781008867117075,inf,inf,inf,inf,inf,0.36182337540846604
127,0.5846962223832424,0.32292789220809937,inf,0.2689522344332475,inf,inf,inf,inf,inf,inf,inf,0.5207692694205505,0.31355932354927063,inf,0.24953838495107797,0.28914060959449184,inf,0.4282844983614408,inf,inf,1.3585450099064753,0.436093807220459
128,0.5404500127411805,0.34445640444755554,inf,inf,0.3474483100267557,inf,0.5391624203095069,inf,inf,0.914991387954125,0.48055195808410645,0.5305628799475156,0.3050847351551056,inf,0.29155643169696516,0.3044608556307279,inf,1.04961057809683,inf,inf,0.9599154545710638,0.45559149522047776
129,0.5751401065633848,0.3143164813518524,inf,inf,0.25826731553444493,inf,0.44286395953251767,inf,inf,0.9765575390595657,inf,0.5470867546705099,0.24576270580291748,inf,0.20264150546147272,0.29722971182603103,inf,0.31072447850153995,inf,inf,1.0161446791428785,0.47115883460411656
130,0.5625709616220914,0.3153928816318512,inf,0.20806466386868402,0.21551880698937637,inf,inf,inf,inf,0.8732838997474084,0.47567426241361177,0.5557321871702487,0.2542372941970825,inf,0.2691052510188176,0.21641366298382098,inf,0.3099327087402344,0.7590845548189603,inf,0.7734861373901367,0.5203071740957407
131,0.6024314590658133,0.30355221033096313,inf,0.25343693219698393,0.24587556032034066,inf,0.289378081376736,0.7064424936587994,inf,inf,0.5523075965734628,0.5660368020717914,0.2542372941970825,inf,0.23819919732900766,0.2125393243936392,inf,0.26740349256075346,0.6494686420147235,inf,0.5498021565950834,0.4647263013399564
132,0.5735870016595492,0.28632938861846924,inf,0.21808898678192726,0.2097237270611983,inf,0.3087105934436505,inf,inf,0.773132168329679,0.4726930077259357,0.5799426917846386,0.2542372941970825,inf,0.3026552933913011,0.2539643874535194,inf,0.23713893156785232,0.47840122076181263,inf,0.6408136807955228,0.4452726657573993
133,0.5850010107343013,0.27556511759757996,inf,0.2180108863573808,0.21711777723752534,inf,0.22852730636413282,inf,inf,0.7717900046935449,0.4848010769257179,0.5732103379873129,0.2542372941970825,inf,0.2925262084374061,inf,inf,0.21376574956453764,0.5842614540686975,inf,0.6996275094839243,0.4800863265991211
134,0.6069493514414017,0.2572658658027649,inf,0.24451543734623835,0.23953940776678231,inf,0.23378430650784418,inf,inf,0.7187233979885395,0.5356930677707379,0.5760088150317852,0.24576270580291748,inf,0.264391513971182,0.2834680447211632,inf,0.22135523649362418,0.5175743469825158,inf,0.6557000233576848,0.46755236845750076
135,0.5918218972018132,0.24542519450187683,inf,0.25769158280812776,0.2403948616523009,inf,0.17875537734765273,inf,inf,inf,0.4998263395749606,0.5705028313856858,0.2711864411830902,inf,0.26228919396033656,0.24187669387230507,inf,0.18138593893784744,inf,inf,0.6677636366624099,0.4577804712148813
136,0.5335744163737848,0.2744886875152588,inf,0.20217409271460313,0.2054227338387416,inf,0.23241672149071327,inf,inf,inf,0.4075913750208341,0.5591833499761728,0.2711864411830902,inf,0.2892734454228328,0.27382938678448016,inf,0.1589344831613394,0.5037360924940842,inf,0.7626885634202224,0.45676796252910906
137,0.5544911929621146,0.2744886875152588,inf,0.22886787011073187,0.20937174329390892,inf,0.1876713175040025,inf,inf,0.6362742323141831,0.4487711282876822,0.559904579932873,0.2711864411830902,inf,0.3366240354684683,0.2708885302910438,inf,0.1666862414433406,0.6161570915809045,inf,0.7477691356952374,0.44843945136437047
138,0.5788201930431219,0.25188374519348145,inf,0.2670046572501843,0.2619421367461865,inf,0.16511116119531485,inf,inf,inf,0.487206193116995,0.5582587122917175,0.2711864411830902,inf,0.3267512688269982,0.284574582026555,inf,0.16187429428100586,0.4742621641892653,inf,0.6002998718848596,0.4170155158409706
139,0.574837791805084,0.266953706741333,inf,0.29125317472677964,0.25959184995064366,inf,0.15996495347756606,inf,inf,inf,0.4664311042198768,0.5597350895404816,0.2711864411830902,inf,0.3172291975754958,0.2784623366135817,inf,0.21965918174156776,0.45959678063025844,inf,0.6374586545504056,0.4633038594172551
140,0.5507146352185652,0.2949407994747162,inf,0.2640021535066458,0.22835279657290533,inf,0.16921665118290827,0.483632546204787,inf,inf,0.40905035459078276,0.5503600537776947,0.2711864411830902,inf,0.27450114030104417,0.28416019219618577,inf,0.2054283435528095,0.3963000224186824,inf,0.6583787477933444,0.492582761324369
141,0.5785273210360453,0.2744886875152588,inf,0.27590424051651585,0.24824679356354934,inf,0.17569907582723177,inf,inf,inf,0.4960920077103835,0.548019698032966,0.2711864411830902,inf,0.2591876433445857,0.2932249582730807,inf,0.14521312713623047,0.5409369835486779,inf,0.7517149998591497,0.41898643053494966
142,0.5442882635845587,0.3390742838382721,inf,0.24790489215117234,0.2190298759020292,inf,0.1791262053526365,inf,inf,inf,0.4265641432542067,0.5435042702234708,0.44915252923965454,inf,0.3209035579974835,0.31191532428448016,inf,0.17103048471304086,0.38826865416306716,inf,0.6433571301973783,0.4522677935086764
143,0.5780685148560084,0.31969860196113586,inf,0.2983339268427629,0.27484137278336745,inf,0.18676783259098345,inf,inf,0.7283784701273992,0.4910176717318021,0.5437538073613093,0.44915252923965454,inf,0.29430684676537144,0.24649539360633263,inf,0.19382487810575044,inf,inf,inf,0.46690163245567906
144,0.5451557280925604,0.33046287298202515,inf,0.2370635293997251,0.2219678392777076,inf,0.18448542631589449,inf,inf,inf,0.42143595677155715,0.5401566693416009,0.44915252923965454,inf,0.28809818854698765,0.23008168660677397,inf,0.144147854584914,0.39766194270207333,inf,0.6726347116323618,0.4217078869159405
145,0.5694242171370066,0.356297105550766,inf,0.2769871973074399,0.269910060442411,inf,0.17710708540219527,inf,inf,inf,0.46125003466239345,0.5357744166484246,0.49152541160583496,inf,0.2980808111337515,0.2895064720740685,inf,0.17767333984375,inf,inf,0.6610987003032978,0.47138397510235125
146,0.5173870345147756,0.3627556562423706,inf,0.20795960838978106,0.20259035779879644,inf,0.17534463222210223,0.4373744038435129,inf,inf,0.3651211834870852,0.5329451515124395,0.49152541160583496,inf,0.23563649104191706,0.2517403455880972,inf,0.18983839108393744,0.43271482907808745,inf,0.7878899207481971,0.38164622967059797
147,0.5604516829435642,0.36167922616004944,inf,0.30794864892959595,0.24151382537988517,inf,0.1905756821999183,0.45790443970606876,inf,inf,0.4352181920638451,0.5332108965286841,0.508474588394165,inf,0.27881649824289173,0.27840430919940656,inf,0.14463220192835882,0.44607096451979417,inf,0.6149020561805139,0.44199679448054385
148,0.5086826765193388,0.3347685635089874,inf,0.19539032991115862,0.19875735732225272,inf,0.19873940027677095,0.43926867613425624,inf,0.6477612577951871,0.3386276639424838,0.5405793694349436,0.4661017060279846,inf,0.2909358831552359,0.2518351444831261,inf,0.20309110788198617,0.46451616287231445,inf,0.563255786895752,0.40697545271653396
149,0.4941107719563521,0.3283100128173828,inf,0.19081883705579317,0.16975372571211594,inf,0.17230899746601397,inf,inf,0.6210703941491934,0.3261282673248878,0.5414356543467596,0.4661017060279846,inf,0.3248132558969351,0.2159271240234375,inf,0.14433692968808687,0.6574454674353967,inf,0.6124862524179312,0.47160045917217547
150,0.5531133052248222,0.35414424538612366,inf,0.28124918387486386,0.20043362562473005,inf,0.17192576023248526,inf,inf,0.6573573075808011,0.4297041159409743,0.5425942494319036,0.4237288236618042,inf,0.302968667103694,0.21597110308133638,inf,0.1226264421756451,inf,inf,inf,0.3912380658663236
151,0.5431495131208346,0.33692142367362976,inf,0.25670762474720293,0.22446943475649908,inf,0.1687804930485212,inf,inf,inf,0.39947869915228623,0.5419763051546537,0.4661017060279846,inf,0.25782011105464053,0.21743451631986177,inf,0.1482991255246676,0.4490764324481671,inf,0.6863617530235877,0.38486308317918044
152,0.542758448765828,0.3702906370162964,inf,0.26586476885355437,0.22357763235385603,inf,0.17140694306446955,inf,inf,0.6688722234505874,0.39255064267378587,0.536570661343061,0.5169491767883301,inf,0.30966325906606823,0.24231672286987305,inf,0.19417872795691857,0.41791387704702526,inf,0.7347302803626428,0.42128511575552136
153,0.562287587672472,0.3638320863246918,inf,inf,0.22645638080743644,inf,0.15969353455763596,0.39312583666581374,inf,inf,0.4304679540487436,0.5323919103695796,0.5338982939720154,inf,0.29518309006324184,0.23072427969712478,inf,0.1802860956925612,0.3894793437077449,inf,0.6269796811617337,0.3495918420644907
154,0.5373370767785952,0.3799784779548645,inf,0.2756605400488927,0.21192152454302862,inf,0.1909058437897609,inf,inf,0.6644767064314622,0.3847640065046457,0.5342525793955877,0.5338982939720154,inf,0.2723255891066331,0.23266022021953875,inf,0.2075333045079158,0.7115309055034931,inf,0.482515445122352,0.3942518967848558
155,0.5589394151018217,0.376749187707901,inf,0.26166248550781834,0.21089755113308245,inf,0.19378444667045885,inf,inf,0.5898343737308795,0.387073257794747,0.5389920862821432,0.4830508530139923,inf,0.27184365345881534,0.2377442213205191,inf,0.19972878236037034,0.44568718396700346,inf,0.5795700733478253,0.40163766420804536
156,0.551327225107413,0.3842841684818268,inf,0.29467106323975784,0.20739650955566993,inf,0.1715489121583792,0.3847635892721323,inf,inf,0.3823180061120253,0.5388701260089874,0.4830508530139923,inf,0.24216074209946853,0.24290796426626352,inf,0.20863804450401893,0.41716946088350737,inf,0.5933822851914626,0.35112971525925857
157,0.565360243503864,0.3724434971809387,inf,0.275528595997737,0.22244336971869835,inf,0.18304265920932478,0.4063681226510268,inf,inf,0.3761597711306352,0.5395791943256671,0.4661017060279846,inf,0.26538949746351975,0.21091244770930365,inf,0.21699894391573393,0.43955241716825044,inf,0.568604799417349,0.35578192197359526
158,0.5480746844640145,0.3595263659954071,inf,0.24346242271936858,0.21567153930664062,inf,0.19639084201592666,inf,inf,0.5769864641703092,0.3684821449793302,0.537683911048449,0.4661017060279846,inf,0.2689063732440655,0.2257251739501953,inf,0.21304812798133263,0.43230218153733474,inf,0.5779071954580454,0.3606757384080153
159,0.5487287262311349,0.37136706709861755,inf,inf,0.2161123867218311,inf,0.1711711035324977,0.47392231684464675,inf,0.656304276906527,0.3584462266701918,0.530217890556042,0.5169491767883301,inf,0.26968624041630673,0.20704269409179688,inf,0.20020627975463867,inf,inf,0.6829769427959735,0.32157164353590745
160,0.5430859682651666,0.3692142069339752,inf,0.2580166527858147,0.2148697880598215,inf,0.19354519477257362,inf,inf,0.6014298750804021,0.3400200857565953,0.5308455160030952,0.5338982939720154,inf,0.29665488463181716,0.26461373842679536,inf,0.20789590248694786,0.40577022845928484,inf,0.6129128382756159,0.3286150418795072
161,0.490343407369577,0.36813777685165405,inf,0.21132559501207793,0.14726057190161485,inf,0.18831368593069223,inf,inf,0.5411690977903513,0.25721278328161973,0.531127019570424,0.5254237055778503,inf,0.29047261751615083,0.17460210506732649,inf,0.20879167776841384,0.3699444624093863,inf,0.5808921960683969,0.34355948521540713
162,0.5058577387378766,0.3702906370162964,inf,0.2355848252773285,0.1652768345979544,inf,0.17784659335246453,0.4285357273541964,inf,0.5648311972618103,0.2942583148296063,0.5258119748188899,0.5254237055778503,inf,0.2533216109642616,0.25948381423950195,inf,0.24254927268395057,0.35800600051879883,inf,0.6148787278395432,0.32015283291156477
163,0.5152379168340793,0.39827772974967957,inf,0.249360034098992,0.19679613755299494,inf,0.19965041142243606,0.39713273827846235,inf,0.5951454731134268,0.2955713730591994,0.5304518938064575,0.41525423526763916,inf,0.2731737540318416,0.19491976958054763,inf,0.19219939525310809,0.3850204027616061,inf,0.6695561042198768,0.2863767880659837
164,0.5424517427499478,0.38536059856414795,inf,0.27201677285707915,0.2172055932191702,inf,0.18554221437527582,0.38136030160463774,inf,0.6172053859784052,0.3142887537296002,0.5246866070307218,0.41525423526763916,inf,0.2680797210106483,0.21270845486567572,inf,0.25470964725200945,0.3818605129535382,inf,0.564613782442533,0.27574821618887096
165,0.5284817439432328,0.39504843950271606,inf,0.25573200445908767,0.1797287372442392,inf,0.20315165244615996,0.391415169605842,inf,inf,0.29172786153279817,0.5331515830296737,0.3050847351551056,inf,0.3050248072697566,0.22691103128286508,inf,0.20546331772437462,inf,inf,0.5734723531282865,0.2923393983107347
166,0.5311194755710088,0.39504843950271606,inf,0.256639689207077,0.20155005844739768,inf,0.213644245496163,0.39107745885849,inf,0.6152518345759466,0.29398080706596375,0.5337508825155405,0.3050847351551056,inf,0.24910508669339693,0.1823106545668382,inf,0.20304815585796648,0.3534623659574069,inf,0.5602737206679124,0.2567897943349985
167,0.5383637593342707,0.37567275762557983,inf,0.24618253341087928,0.18575518750227415,inf,0.2001867936207698,0.4740500037486737,inf,0.6139320318515484,0.28904511149112994,0.5338992476463318,0.3050847351551056,inf,0.2528094144967886,0.2487496045919565,inf,0.17624866045438325,0.318719350374662,inf,0.5579500198364258,0.264708739060622
168,0.5348100816974273,0.38105490803718567,inf,0.2592526995218717,0.18927089869976044,inf,0.21103413632282844,0.48914070083544803,inf,0.5733766601635859,0.2679655666534717,0.5337493006999676,0.29661017656326294,inf,0.24600069339458758,0.18815403718214768,inf,0.1786037958585299,0.33761255557720476,inf,0.6031191532428448,0.2802550242497371
169,0.5266170808329032,0.38105490803718567,inf,0.2530512328331287,0.1857310820084352,inf,0.22390010265203622,inf,inf,0.6105097899070153,0.2704869325344379,0.5308323731789222,0.4067796468734741,inf,0.28200633709247297,0.20028908436114973,inf,0.21851414900559646,0.30811357498168945,inf,0.5914862706111028,0.2483819998227633
170,0.5193188562989235,0.36490851640701294,inf,0.2486608509833996,0.17514627713423508,inf,0.24058899054160485,inf,inf,0.559672474861145,0.24096426597008339,0.5246505851929004,0.4406779706478119,inf,0.2744938777043269,0.18598224566533014,inf,0.2939012600825383,0.3549384337205153,inf,0.4996482408963717,0.23862537970909706
171,0.5250581075938848,0.3799784779548645,inf,0.25377024366305423,0.18869733810424805,inf,0.27101359229821426,inf,inf,0.6051067205575796,0.249049567259275,0.5252943153564746,0.4406779706478119,inf,0.31002220740685094,0.18439659705528846,inf,0.22414163442758414,0.35006508460411656,inf,0.6462908524733323,0.23877917803250825
172,0.5353002433593457,0.3875134587287903,inf,0.2680672865647536,0.18088962940069345,inf,0.2586592665085426,inf,inf,0.6148174634346595,0.24867312266276434,0.5341199544759897,0.3050847351551056,inf,0.2570434350233812,0.19831043023329514,inf,0.32213526505690354,0.5693691693819486,inf,0.7063533342801608,0.21578752077542818
173,0.5658005968882487,0.349838525056839,inf,0.2939159342875847,0.21007897074405962,inf,0.2751965018419119,0.5109816904251392,inf,0.6242571702370276,0.26426530801332915,0.5449886642969571,0.2542372941970825,inf,0.3256212381216196,0.17333258115328276,inf,0.3934611540574294,0.518130008990948,inf,0.812775758596567,0.20038472689115083
174,0.5575775727629662,0.32723358273506165,inf,0.2675234400309049,0.1888588838852369,inf,0.30259259847494274,0.48574179869431716,inf,0.6564517204578106,0.2794799976623975,0.5390777083543631,0.29661017656326294,inf,0.2946123710045448,0.19974864446199858,inf,0.3146648406982422,0.5482372870812049,inf,0.463446176969088,0.36815775357759917
175,0.5653229963320953,0.3487620949745178,inf,0.2998094398241777,0.20581803757410783,inf,0.28789066122128415,0.5172057381043067,inf,0.6383185111559354,0.2520158737897873,0.5442520930216863,0.29661017656326294,inf,0.32275031163142276,0.20068905903742865,inf,0.20160451302161583,0.3825379151564378,inf,0.5689868560204139,0.20212675974919245
176,0.5474032060458109,0.35414424538612366,inf,0.2665940156349769,0.1877029171356788,inf,0.2856594232412485,0.5103204617133508,inf,0.6429068492009089,0.220077606347891,0.5506746814801142,0.29661017656326294,0.4336354915912335,0.27509801204387957,0.21456300295316255,inf,0.43873878625723034,0.30936380533071667,inf,0.592951774597168,0.18213301438551682
177,0.5667435280405558,0.31754574179649353,inf,0.2980015782209543,0.19862337066577032,inf,0.3717655149789957,0.38510322112303513,inf,0.6277752610353323,0.2515753094966595,0.5607187335307782,0.2542372941970825,0.817696057833158,0.2678698759812575,0.18905459917508638,0.4991036561819223,0.28943764246427095,0.5064769157996545,inf,0.7298972790057843,0.2068618260897123
178,0.5279604001687124,0.3089343309402466,inf,0.2109870177048903,0.14125929543605217,0.5048630787776067,0.3274398033435528,inf,inf,0.6986006498336792,0.17261239886283875,0.5658189608500555,0.347457617521286,0.40571359487680286,0.28789278177114636,0.20754362986637995,0.2815040625058688,0.29039894617520845,0.2720521046565129,inf,0.5267760937030499,0.21674007635850173
179,0.5411904310950866,0.3110871911048889,inf,0.22749714438731855,0.15227836485092455,0.4084114753282987,0.3348341492506174,0.32751930676973784,inf,0.6358949496195867,0.2170546822823011,0.5799189760134771,0.347457617521286,0.3298518107487605,0.3118669069730319,0.2058832462017353,0.23873002712543195,0.3619914421668419,0.3210366689241849,inf,0.6399459838867188,0.2514810745532696
180,0.5672364275042827,0.2809472680091858,0.30774221970484805,0.25237314517681414,0.1611045587521333,0.3960247223193829,0.32492223611244786,0.28772723789398486,inf,0.6117865672478309,0.2067276010146508,0.5863108726648184,0.23728813230991364,0.17664619592519906,0.27875544474675107,0.1435912664120014,0.3497907198392428,0.33731897060687727,0.24769430894118089,0.8626867441030649,0.608517940227802,0.23773622512817383
181,0.5948724637811,0.2561894655227661,inf,0.25800969967475307,0.1825693456026224,0.3694192354495709,0.3225108293386606,0.28039178252220154,inf,0.6225059307538546,0.24388268131476182,0.5906235392277057,0.23728813230991364,0.2642185871417706,0.27208133844228893,0.18349669529841497,0.197115237896259,0.31407825763408953,0.2643531835996188,inf,0.8137396298922025,0.2248380734370305
182,0.5785134343000559,0.28310009837150574,0.24474715957274804,0.2717013955116272,0.17004036559508398,0.3110528588294983,0.3214278954725999,0.3562356371145982,inf,0.6220425917552068,0.24800264376860398,0.5910768967408401,0.23728813230991364,0.12640506487626296,0.2854746488424448,0.18191799750694862,0.3051007710970365,0.28127233798687273,0.21707817224355844,inf,0.6780603115375226,0.25606459837693435
183,0.6092796474695206,0.28525295853614807,0.27956089262778944,0.30021227781589216,0.20321906300691459,0.3088144591221443,0.3149768068240239,0.24451274596727812,inf,inf,0.2643655710495435,0.5910912431203402,0.347457617521286,0.22588762870201698,0.3147726792555589,0.1667927595285269,0.26881832342881423,0.3688160456143893,0.20075126794668344,inf,0.7740790293766902,0.19111396716191217
184,0.5869235980969209,0.3046286404132843,0.230600146146921,0.2870659598937401,0.18943061851538145,0.36195335021385777,0.2999432820540208,0.23108036930744463,inf,0.6976584837986872,0.26449829798478347,0.5863192539948684,0.38983049988746643,0.18807093913738543,0.3448481559753418,0.17660687519953802,0.26859670418959397,0.3065059735224797,0.1936810933626615,inf,0.7044849395751953,0.17601739443265474
185,0.584121473133564,0.30355221033096313,0.22061818264997923,0.2976859418245462,0.17930213304666373,0.29480010729569656,0.31929644713035,0.31829657462927013,inf,0.603027893946721,0.23675950788534605,0.5932384316737835,0.23728813230991364,0.16477652696462777,0.3029009745671199,0.1635886155641996,0.41936606627244216,0.2593369483947754,0.18913855919471154,inf,0.6431513566237229,0.23844188910264236
186,0.572689716059428,0.2798708379268646,0.24025111129650703,0.24450015563231248,0.14470530014771682,0.3091942622111394,0.27434133795591503,0.24965150539691633,inf,0.6248153081307044,0.20303076276412377,0.5904802083969116,0.27966102957725525,0.07640677232008714,0.28635846651517427,0.18480858435997596,0.3272238144507775,0.39928282224214995,0.21417089608999398,inf,0.6583657631507287,0.20207815903883714
187,0.5782734339053814,0.2841765284538269,0.236613841010974,0.2766920053041898,0.16415584889742044,0.2760035487321707,0.2738431073152102,0.3135112248934232,inf,0.6563632534100459,0.20448273649582496,0.5914732492887057,0.4067796468734741,0.19823917975792518,0.2415781387915978,0.20246085753807655,0.2958527344923753,0.2245907600109394,0.17860713371863732,inf,0.6200807277972882,0.2118967863229605
188,0.5749061342615348,0.31324005126953125,0.20282536630447096,0.25980234833864063,0.16637726471974298,0.26172494085935444,0.3427821397781372,0.2880715842430408,inf,0.6190022321847769,0.20786381111695215,0.589332218353565,0.4067796468734741,0.15961669041560247,0.2702164099766658,0.201554353420551,0.2909425955552321,0.2209470088665302,0.28062798426701474,0.6739080135638897,0.5837316513061523,0.16808788592998797
189,0.5530930150013703,0.33692142367362976,0.17870338948873374,0.24791866770157447,0.16197528976660508,0.3340655634036431,0.38357820419164806,0.25676804322462815,inf,0.6457178959479699,0.201544851064682,0.5838698974022498,0.4067796468734741,0.10356012674478385,0.3013483744401198,0.22782013966487005,0.2152863282423753,0.2599032842195951,0.30365522091205305,0.4969572654137245,0.6612723423884466,0.20321062894967887
190,0.5315674296938456,0.3283100128173828,0.18924193198864275,0.20871519125424898,0.14953288435935974,0.3100515787418072,0.31544795861610997,0.26005971202483547,inf,0.6011903148431045,0.17067052997075594,0.5897310330317571,0.4237288236618042,0.1429548722047072,0.292387082026555,0.21044087409973145,0.2435940962571364,0.2465017575484056,0.19448441725510818,inf,0.5836078203641452,0.18704645450298601
191,0.6015623280635247,0.31001076102256775,0.19123297929763794,0.2759227087864509,0.19579563691065863,0.30845978397589463,0.30255465324108416,0.23291398699466997,inf,0.5863809768970196,0.23687880314313448,0.5890378676928006,0.4237288236618042,0.11308304163125846,0.3311920532813439,0.1988713924701397,0.24367251762977013,0.30873834169827974,0.26930079093346226,inf,0.6983717404879056,0.2389390651996319
192,0.5936642163074933,0.3358449935913086,0.17481224124248212,0.2972299594145555,0.2075825436757161,0.24264483497692987,0.2969099672941061,0.27910675223057085,inf,0.6458354271375216,0.23702436914810768,0.5894582546674288,0.4237288236618042,0.07659631509047288,0.29695477852454555,0.17754441041212815,0.20716463602506197,0.22948842782240647,0.2094438626216008,inf,0.5747171548696665,0.1928868293762207
193,0.5856387552160484,0.3283100128173828,0.14207211251442248,0.3130335188828982,0.1972287893295288,0.23938176265129676,0.3097022771835327,0.2913289024279668,inf,0.6722114865596478,0.22266998772437757,0.5876936408189627,0.43220338225364685,0.1065529859983004,0.3249333455012395,0.16564272000239447,0.22126560944777268,0.31144142150878906,0.27261805534362793,inf,0.6413955688476562,0.18407596074617827
194,0.5476375319636785,0.3530678153038025,0.17864963985406435,0.21536479775722212,0.12630326128922975,0.2934485352956332,0.32087887021211475,0.2972368277036227,inf,0.6276647586088914,0.15962564830596632,0.5908770928016076,0.43220338225364685,0.11914825439453125,0.26567978125352126,0.24198403725257286,0.25022671772883487,0.31176493718073917,0.22486736224247858,0.6973897493802584,0.5915389427771935,0.16829320100637582
195,0.5747265575023798,0.30355221033096313,0.17452985392167017,0.27455177673926723,0.16640236859138197,0.26670245023874134,0.2622126019918002,0.27637889981269836,inf,0.6630564056910001,0.19981710956646845,0.5961638643191411,0.4237288236618042,0.08417923633868878,0.3228511076707106,0.1955894690293532,0.215211061330942,0.2791414260864258,0.21861494504488432,0.4824019945584811,0.584551371060885,0.1852889611170842
196,0.6087555329387004,0.3390742838382721,0.14664942713884208,0.29634360395945036,0.19125492297686064,0.24567729922441336,0.3138228265138773,0.2742109069457421,inf,0.6218094046299274,0.23072366874951583,0.5939254531493554,0.43220338225364685,0.10772286928617038,0.31550803551307094,0.2232507192171537,0.2475137343773475,0.2753497820634108,0.21311328961299017,0.5100913781386155,0.6978743626521184,0.21386293264535758
197,0.5985791671734589,0.3595263659954071,0.13320693832177383,0.3016886000449841,0.18873846874787256,0.27515016152308536,0.2824708085793715,0.22679703969221848,inf,inf,0.22267479048325464,0.5954735370782706,0.43220338225364685,0.10247552394866943,0.28207797270554763,0.1809841669522799,0.17188759950491098,0.23535548723660982,0.24262329248281625,0.4654877002422626,0.48358829204852766,0.16886377334594727
198,0.6099905010599357,0.3487620949745178,0.13557256643588728,0.3188612965437082,0.21176077310855573,0.1993943968644509,0.28392812609672546,0.23781845202812782,inf,0.6125164948976957,0.25108162141763246,0.6013281620465792,0.43220338225364685,0.0733868800676786,0.31006989112267125,0.17730126014122596,0.16758403411278358,0.2989824918600229,0.2578906279343825,0.6062157337482159,0.6372165679931641,0.22552101428692156
199,0.5766899963984122,0.3433799743652344,0.11717317769160637,0.2731203826574179,0.16911849838036758,0.19247855016818413,0.28255102267632115,0.25218164920806885,inf,0.6153709567510165,0.19782362075952384,0.5988130844556369,0.43220338225364685,0.1057960161795983,0.3095036286574144,0.15756016511183518,0.15584268936744103,0.266690914447491,0.23141952661367562,0.4021143913269043,0.6360341585599459,0.258176143352802
200,0.5942891841897597,0.35091495513916016,0.13348585940324342,0.2824944601609157,0.1622933435898561,0.18568572058127478,0.2669325333375197,0.24077154810612017,inf,0.656516629915971,0.20589108765125275,0.598867402626918,0.43220338225364685,0.1040788797231821,0.2928321544940655,0.18285076434795672,0.2024551905118502,0.24013464267437273,0.2651021480560303,0.5149664878845215,0.5425248879652756,0.1992819492633526
