epoch,train_loss,train_accuracy,val_loss,val_accuracy
101,0.32891823121686825,0.540365993976593,0.33158368383570075,0.5423728823661804
102,0.28641784017544036,0.5963401794433594,0.3094399187516851,0.6525423526763916
103,0.2860539416847482,0.6135629415512085,0.28817595036413807,0.6779661178588867
104,0.2545784931510123,0.6576964259147644,0.26936181984806,0.6864407062530518
105,0.23823923978936642,0.6641550064086914,0.2532789996968439,0.6864407062530518
106,0.23879329946122688,0.6749192476272583,0.2367327103812176,0.7033898234367371
107,0.2162477666455603,0.6803014278411865,0.2201783289022457,0.7033898234367371
108,0.19321016976895267,0.6846070885658264,0.20012625641314885,0.7033898234367371
109,0.17553992457452786,0.68568354845047,0.17550830100663006,0.7033898234367371
110,0.1509623619315859,0.6899892091751099,0.15277858978459755,0.7033898234367371
111,0.14569093822165785,0.7018299102783203,0.1310839052715052,0.7288135886192322
112,0.1249767340165048,0.7115177512168884,0.11329591386199284,0.7288135886192322
113,0.10181120316645739,0.733046293258667,0.10107791781550847,0.7288135886192322
114,0.09067352936276271,0.7728740572929382,0.09314913578474751,0.8813559412956238
115,0.08970756566010935,0.8083961009979248,0.0880658665779405,0.8813559412956238
116,0.0781638145137829,0.8557589054107666,0.08578426523420674,0.8813559412956238
117,0.07717802892791671,0.8762109875679016,0.08405744365882128,0.8813559412956238
118,0.07361894018462269,0.8891280889511108,0.08294040824806032,0.8813559412956238
119,0.07850849298036057,0.8902045488357544,0.0824727845745376,0.8813559412956238
120,0.06720126633053251,0.8934338092803955,0.08195101585274991,0.8813559412956238
121,0.07125548318463888,0.8966630697250366,0.08164766833383161,0.8813559412956238
122,0.0737567552490733,0.8945102095603943,0.08109699483387746,0.8813559412956238
123,0.06388036390909782,0.8858988285064697,0.08055194862222728,0.8813559412956238
124,0.06350097762025633,0.892357349395752,0.08042551173891227,0.8813559412956238
125,0.06333353768199092,0.8902045488357544,0.0802669980621431,0.8813559412956238
126,0.06883123544545154,0.8880516886711121,0.08015709055381684,0.8813559412956238
127,0.06545250626368215,0.8966630697250366,0.07987373663882653,0.8813559412956238
128,0.06383478483453822,0.8912809491157532,0.07946773482791077,0.8813559412956238
129,0.063245637966527,0.8891280889511108,0.0792836882375503,0.8813559412956238
130,0.06469463687972166,0.8869752287864685,0.07941653174034749,0.8813559412956238
131,0.07062993570518582,0.8912809491157532,0.07882236717537475,0.8813559412956238
132,0.06114000208589669,0.8945102095603943,0.07844266676245472,0.8813559412956238
133,0.06189606914099736,0.8880516886711121,0.07805747208364594,0.8813559412956238
134,0.06770004701768183,0.8880516886711121,0.07780528548307931,0.8813559412956238
135,0.06374947999239129,0.8858988285064697,0.07753067966684914,0.8813559412956238
136,0.05533817356571,0.8880516886711121,0.07740625300077507,0.8813559412956238
137,0.060545724395734184,0.8912809491157532,0.07703769401100893,0.8813559412956238
138,0.05911110350280069,0.898815929889679,0.07665704364682405,0.8813559412956238
139,0.058181440886143646,0.8966630697250366,0.07644628102515036,0.8813559412956238
140,0.057305788673637344,0.8902045488357544,0.07613133574621035,0.8813559412956238
141,0.05917009871588492,0.892357349395752,0.07599155006867547,0.8813559412956238
142,0.05921052991288889,0.892357349395752,0.07562845569247237,0.8813559412956238
143,0.06523713182216923,0.898815929889679,0.07533488708297507,0.8813559412956238
144,0.057275923792286236,0.8945102095603943,0.07505125635473703,0.8813559412956238
145,0.05717082912423603,0.8998923301696777,0.07478435667760025,0.8813559412956238
146,0.05626839306933107,0.8934338092803955,0.07456922680005217,0.8813559412956238
147,0.05803026639701924,0.8902045488357544,0.07406699045811994,0.8813559412956238
148,0.05529348736462662,0.8945102095603943,0.07381681110620356,0.8813559412956238
149,0.052814884902265755,0.8945102095603943,0.0733129067140488,0.8813559412956238
150,0.055553521938586176,0.898815929889679,0.07307635668145779,0.8813559412956238
151,0.05481387821237149,0.8934338092803955,0.0729940474232605,0.8813559412956238
152,0.05556494858487545,0.8945102095603943,0.0726112818542438,0.8813559412956238
153,0.061169691252871417,0.8955866694450378,0.07240049499915376,0.8813559412956238
154,0.05311250056757462,0.8955866694450378,0.07216715460974509,0.8813559412956238
155,0.06029058068368333,0.8966630697250366,0.07204556868796666,0.8813559412956238
156,0.05475821929016652,0.8977395296096802,0.07196616281894072,0.8813559412956238
157,0.05625118545154132,0.8945102095603943,0.07180938121410481,0.8813559412956238
158,0.054774821004824704,0.8977395296096802,0.07170984149203062,0.8813559412956238
159,0.05718927601614828,0.8955866694450378,0.0714822313446068,0.8813559412956238
160,0.05368034873838322,0.8966630697250366,0.07142775054447927,0.8813559412956238
161,0.05277620039907141,0.898815929889679,0.07127061300203562,0.8813559412956238
162,0.05277967376129639,0.8945102095603943,0.07104435234661931,0.8813559412956238
163,0.05112340227228392,0.898815929889679,0.07087706792719053,0.8813559412956238
164,0.0551954122854043,0.898815929889679,0.07042557228907334,0.8813559412956238
165,0.05364289247909955,0.898815929889679,0.07039371834252961,0.8813559412956238
166,0.05281708976956277,0.8977395296096802,0.07020781744862549,0.8813559412956238
167,0.05281096946516929,0.8966630697250366,0.07006062127990074,0.8813559412956238
168,0.054160574910873456,0.8998923301696777,0.07013214819800431,0.8813559412956238
169,0.05121745915459122,0.8977395296096802,0.06989504059982629,0.8813559412956238
170,0.05174048901671295,0.8977395296096802,0.06989919932339735,0.8813559412956238
171,0.04948092183482144,0.898815929889679,0.06962872802082878,0.8813559412956238
172,0.053077521385393296,0.898815929889679,0.069689206817062,0.8813559412956238
173,0.05273387073094245,0.898815929889679,0.06958184078282031,0.8813559412956238
174,0.05250781420923326,0.898815929889679,0.06941431677506234,0.8813559412956238
175,0.053218693265360065,0.898815929889679,0.06967121775400861,0.8813559412956238
176,0.0526501657004701,0.8977395296096802,0.06954798157228372,0.8813559412956238
177,0.05288336814723712,0.8977395296096802,0.0694235786498981,0.8813559412956238
178,0.047775546766878015,0.8998923301696777,0.06890735843178565,0.8813559412956238
179,0.050199702675854496,0.8998923301696777,0.06882338174182223,0.8813559412956238
180,0.05309596253013856,0.898815929889679,0.06893188786936942,0.8813559412956238
181,0.05172730483536725,0.8977395296096802,0.06891842256244182,0.8813559412956238
182,0.04874985372575443,0.898815929889679,0.06888867393997945,0.8813559412956238
183,0.050734611212087305,0.9009687900543213,0.06901909577461013,0.8813559412956238
184,0.051470703921670344,0.8998923301696777,0.06869847869417683,0.8813559412956238
185,0.053609327331217246,0.9009687900543213,0.0687734838049017,0.8813559412956238
186,0.05185931560971277,0.9009687900543213,0.06849905888688787,0.8813559412956238
187,0.048717333100424955,0.9009687900543213,0.06858453494686938,0.8813559412956238
188,0.04821004423557987,0.898815929889679,0.06882953303451919,0.8813559412956238
189,0.04928846736772986,0.8998923301696777,0.06866180064165607,0.8813559412956238
190,0.048450475715211584,0.8998923301696777,0.0683501932631211,0.8813559412956238
191,0.052335464498600444,0.898815929889679,0.06850027632586156,0.8813559412956238
192,0.05087993116404295,0.9009687900543213,0.06854422928378111,0.8813559412956238
193,0.051780882679290346,0.9009687900543213,0.06857324389868434,0.8813559412956238
194,0.05048365049725152,0.9009687900543213,0.06852988304532258,0.8813559412956238
195,0.04890819072716113,0.9009687900543213,0.06844765580619704,0.8813559412956238
196,0.05304957741911774,0.8998923301696777,0.06831947406765092,0.8813559412956238
197,0.05141058693998975,0.9009687900543213,0.06793045143925926,0.8813559412956238
198,0.05051223855830008,0.898815929889679,0.06782490551156045,0.8813559412956238
199,0.04723479098636464,0.9009687900543213,0.06795799268561845,0.8813559412956238
200,0.04966728157849222,0.8998923301696777,0.0681078987584512,0.8813559412956238
