2,4,9,6,6,7,3
2,4,6,7,3
2,4,6,7,3
2,4,9,6,7,3
2,4,6,6,7,3
2,4,6,7,3
2,4,6,7,3
2,4,6,7,3
2,4,6,6,7,3
2,4,6,7,3
2,4,4,6,7,3
2,4,6,6,7,3
2,4,6,7,3
2,4,6,7,3
2,4,6,7,3
2,4,6,7,3
2,4,6,7,3
2,4,4,6,7,3
2,4,6,7,3
2,4,6,7,3
2,4,6,6,7,3
2,4,6,7,3
2,4,9,6,7,3
2,4,6,7,3
2,4,6,6,7,3
2,4,6,6,7,3
2,4,6,7,3
2,4,6,7,3
2,4,6,7,3
2,4,6,6,7,3
2,4,6,7,3
2,4,6,9,9,6,7,3
2,4,9,9,6,7,3
2,4,6,7,3
2,4,6,6,7,3
2,4,6,7,3
2,4,6,6,7,3
2,4,9,6,7,3
2,4,6,7,3
2,4,6,7,3
2,4,4,4,6,6,7,3
2,4,6,7,3
2,4,11,11,16,16,8,6,7,3
2,4,6,7,3
2,4,9,6,6,7,3
2,4,6,7,3
2,4,6,6,7,3
2,4,4,6,7,3
2,4,6,6,7,3
2,4,6,7,3
2,4,6,7,3
2,4,6,7,3
2,4,6,7,3
2,4,9,6,7,3
2,4,4,6,7,3
2,4,9,9,6,7,3
2,4,6,7,3
2,4,4,6,7,3
2,4,6,7,3
2,4,6,7,3
2,4,6,6,7,3
2,4,9,6,7,3
2,4,6,7,3
2,4,6,7,3
2,4,6,7,3
2,4,4,6,7,3
2,4,6,7,3
2,4,6,7,3
2,4,6,6,7,3
2,4,6,6,7,3
2,4,9,6,7,3
2,4,6,7,3
2,4,9,6,7,3
2,4,9,9,6,7,3
2,4,9,6,7,3
2,4,6,7,3
2,4,8,6,6,7,3
2,4,6,7,3
2,4,6,7,3
2,4,6,6,7,3
2,4,6,7,3
2,4,6,7,3
2,4,6,7,3
2,4,6,7,3
2,4,6,7,3
2,4,6,7,3
2,4,6,6,7,3
2,4,6,6,7,3
2,4,6,7,3
2,4,9,6,7,3
2,4,9,6,7,3
2,4,6,6,7,3
2,4,6,7,3
2,4,6,7,3
2,4,6,7,3
2,4,6,7,3
2,4,6,6,7,3
2,4,4,6,7,3
2,4,4,6,7,3
2,4,4,6,7,3
2,4,6,6,7,3
2,4,6,7,3
2,4,6,7,3
2,4,6,7,3
2,4,6,7,3
2,4,6,7,3
2,4,6,7,3
2,4,6,7,3
2,4,4,6,7,3
2,4,6,6,7,3
2,4,6,7,3
2,4,6,7,3
2,4,6,7,3
2,4,6,6,7,3
2,4,6,6,7,3
2,4,6,7,3
2,4,6,6,7,3
2,4,6,6,7,3
2,4,9,6,7,3
2,4,8,6,7,3
2,4,6,6,7,3
2,4,6,7,3
2,4,6,7,3
2,4,6,6,6,7,3
2,4,6,7,3
2,4,4,6,7,3
2,4,6,6,7,3
2,4,6,7,3
2,4,6,7,3
2,4,6,7,3
2,4,6,7,3
2,4,6,7,3
2,4,6,7,3
2,4,6,7,3
2,4,6,7,3
2,4,6,6,7,3
2,4,6,6,7,3
2,4,6,7,3
2,4,6,6,7,3
2,4,6,7,3
2,4,6,7,3
2,4,6,7,3
2,4,4,6,7,3
2,4,6,7,3
2,4,6,7,3
2,4,4,6,7,3
2,5,12,13,14,15,17,5,5,5,5,5,5,5,5,5,3
2,4,4,6,7,3
2,4,6,6,7,3
2,4,6,7,3
2,4,9,9,6,7,3
2,4,4,6,7,3
2,4,6,7,3
2,4,6,7,3
2,4,8,6,7,3
2,4,6,7,3
2,4,6,7,3
2,4,6,7,3
2,4,6,6,7,3
2,4,6,7,3
2,10,4,6,7,3
2,4,6,7,3
2,4,9,6,7,3
2,4,6,7,3
2,4,6,7,3
2,4,6,7,3
2,4,8,6,7,3
2,4,6,7,3
2,4,6,7,3
2,4,4,6,7,3
2,4,11,11,16,16,8,6,7,3
2,4,6,7,3
2,4,6,6,7,3
2,4,6,7,3
2,4,4,6,7,3
2,4,6,7,3
2,4,6,6,7,3
2,4,11,8,6,7,3
2,4,6,7,3
2,4,6,7,3
2,4,6,7,3
2,4,6,6,7,3
2,4,6,7,3
2,4,6,6,7,3
2,4,6,7,3
2,4,6,7,3
2,4,8,6,6,7,3
2,4,6,7,3
2,4,6,7,3
2,4,6,7,3
2,4,6,7,3
2,4,4,9,9,6,7,3
2,4,6,7,3
2,4,6,7,3
2,4,6,7,3
2,4,6,7,3
2,4,6,6,7,3
2,4,6,6,7,3
2,4,6,6,7,3
2,4,9,9,6,7,3
2,4,6,7,3
2,4,6,7,3
2,4,6,7,3
2,4,6,6,7,3
2,4,6,7,3
2,4,6,6,7,3
2,4,8,6,7,3
2,4,6,7,3
2,4,6,6,7,3
2,4,6,6,7,3
2,4,6,6,7,3
2,4,6,6,7,3
2,4,6,7,3
2,4,6,7,3
2,4,6,7,3
2,4,6,6,7,3
2,4,6,7,3
2,4,6,7,3
2,4,4,4,6,7,3
2,4,6,6,7,3
2,4,6,7,3
2,4,6,6,7,3
2,4,6,7,3
2,4,6,7,3
2,4,6,7,3
2,4,6,7,3
2,4,6,6,7,3
2,4,6,7,3
2,4,6,7,3
2,4,9,6,6,7,3
2,4,6,7,3
