trace_id;activity_ids
Case2429;4,5,9,6,6,7
Case4459;4,5,9,6,7
Case74;6,7
Case4541;4,5,6,7
Case1015;4,5,6,7
Case4344;4,5,6,7
Case4315;4,5,6,7
Case4538;4,5,5,5,6,7
Case2224;4,5,6,7
Case1181;4,5,6,7
Case2277;4,5,6,7
Case4221;4,5,9,6,7
Case1293;4,5,6,7
Case958;4,5,9,5,6,7
Case3446;4,5,6,7
Case3793;4,5,9,6,7
Case2535;4,5,6,7
Case4576;4,5,6,7
Case1067;4,5,6,7
Case290;4,9,6,6,7
Case4262;4,5,6,7
Case1778;4,6,7
Case4056;4,6,7
Case4527;4,6,7
Case549;4,5,6,7
Case295;4,5,6,6,7
Case3821;4,5,6,7
Case629;4,6,7
Case2799;4,5,6,7
Case1842;4,5,6,7
Case3995;4,5,9,6,7
Case932;4,6,7
Case4215;4,4,6,7
Case4211;4,5,6,7
Case2060;4,5,6,7
Case766;4,5,6,7
Case3317;4,5,6,7
Case4012;4,4,5,9,5,9,6,7
Case1334;4,4,5,9,6,7
Case1040;4,5,6,7
Case2397;4,5,6,7
Case1588;4,5,6,7
Case2642;4,6,7
Case3907;4,5,6,7
Case3765;4,5,6,7
Case2044;4,6,7
Case1857;4,5,6,7
Case3129;4,5,6,7
Case3127;4,5,6,7
Case1199;4,5,6,7
Case1890;4,5,6,7
Case2317;4,5,6,7
Case3391;4,5,5,6,7
Case3283;4,5,6,7
Case1401;4,5,9,6,7
Case4289;4,6,7
Case1680;4,5,9,6,7
Case2150;4,5,6,7
Case16;4,5,5,6,7
Case767;4,5,6,7
Case813;4,5,6,7
Case178;4,5,6,7
Case362;4,5,9,6,7
Case657;4,5,6,7
Case1914;4,5,6,7
Case508;4,5,9,6,7
Case1687;4,5,6,7
Case1802;4,5,6,7
Case1418;4,5,6,7
Case3828;4,5,9,5,9,6,7
Case2358;4,5,6,7
Case1990;4,5,6,7
Case2757;4,5,6,7
Case2841;4,5,6,6,7
Case3845;4,5,6,6,7
Case3023;4,5,6,7
Case1938;4,5,6,7
Case1365;8,5,6,7
Case2365;4,5,6,7
Case806;4,5,9,6,7
Case2546;4,5,6,7
Case4170;4,5,6,7
Case4201;4,5,6,7
Case96;4,5,6,6,7
Case1115;4,5,6,7
Case3438;4,5,6,7
Case931;4,5,6,7
Case1083;4,4,5,6,7
Case2831;4,5,6,7
Case2100;4,5,6,7
Case3325;4,5,10,5,9,6,7
Case3773;4,5,6,7
Case3259;4,5,6,7
Case1368;4,6,7
Case545;4,5,6,7
Case3081;6,5,6,7
Case1329;4,5,6,7
Case2919;4,6,7
Case2697;4,5,6,7
Case794;4,5,6,7
Case3588;4,5,6,7
Case138;4,5,6,7
Case1852;4,5,6,7
Case3474;4,5,6,7
Case3094;4,5,6,7
Case2800;4,5,6,7
Case526;4,5,9,6,7
Case3074;4,5,6,7
Case2344;4,5,6,7
Case975;4,5,6,6,7
Case1825;4,5,9,6,7
Case2472;4,5,6,7
Case2969;4,5,6,7
Case3531;4,5,9,6,7
Case1520;4,5,6,7
Case255;4,5,6,7
Case3560;4,5,6,7
Case3469;4,5,6,7
Case340;4,5,9,6,7
Case4390;4,5,6,7
Case1875;4,5,9,6,7
Case3348;4,5,9,5,9,6,7
Case4293;4,5,6,7
Case1665;4,5,6,7
Case3067;4,5,9,6,7
Case4372;4,6,7
Case4429;4,5,6,7
Case142;4,5,6,7
Case2070;4,5,9,6,7
Case1198;4,6,6,7
Case3801;4,5,6,7
Case777;4,4,6,7
Case983;4,6,7
Case3763;4,5,6,7
Case1876;4,5,6,6,7
Case3269;4,5,6,7
Case795;4,5,6,6,7
Case392;4,6,6,7
Case3581;4,5,6,7
Case2244;4,5,9,6,7
Case2830;4,5,6,7
Case4046;4,5,6,7
Case2637;4,5,6,7
Case1642;4,5,9,6,7
Case277;4,5,6,7
Case3661;4,5,6,7
Case1993;4,5,6,7
Case2787;4,5,6,7
Case2615;4,5,6,7
Case698;4,5,6,6,7
Case4559;4,5,6,7
Case4111;4,6,7
Case4452;4,5,6,7
Case2357;4,6,7
Case3585;4,5,6,7
Case3820;4,5,6,6,7
Case4334;4,5,6,7
Case223;4,5,6,6,7
Case1437;4,5,6,7
Case1508;4,5,6,7
Case1596;4,5,6,7
Case3658;4,5,9,6,7
Case2606;4,5,9,6,7
Case897;4,5,6,7
Case3842;4,5,6,7
Case1493;4,5,6,7
Case3417;4,5,6,7
Case1172;4,5,9,6,7
Case4249;4,5,6,7
Case4214;4,5,6,7
Case1784;4,5,6,6,7
Case2409;4,6,6,7
Case2039;4,5,6,7
Case2687;4,5,6,7
Case3629;4,5,6,7
Case38;4,5,6,7
Case1762;4,5,6,7
Case1405;4,5,6,7
Case311;4,5,6,7
Case415;4,5,6,6,7
Case2595;4,5,6,7
Case3751;4,5,6,7
Case3753;4,5,6,7
Case4457;4,5,6,7
Case2482;4,5,6,7
Case2795;4,5,9,6,7
Case2727;4,5,9,5,6,7
Case2032;4,5,6,7
Case4121;4,5,9,6,7
Case2913;4,5,6,7
Case4364;4,5,6,7
Case3491;4,6,7
Case1632;4,5,6,7
Case4202;4,5,6,7
Case1634;4,5,6,7
Case716;4,5,6,6,7
Case1602;4,5,6,7
Case872;4,5,6,7
Case300;4,5,6,7
Case2750;4,5,6,7
Case634;4,5,6,7
Case2030;4,5,6,7
Case3028;4,5,5,9,5,6,7
Case790;4,5,9,6,7
Case1753;4,5,6,7
Case3503;4,5,6,7
Case1944;4,5,9,6,7
Case1878;4,5,6,7
Case1439;4,5,6,7
Case3789;4,5,9,5,6,7
Case772;4,5,6,7
Case1503;4,5,6,7
Case2566;4,5,6,7
Case1448;4,5,9,6,7
Case1803;4,4,5,9,6,7
Case817;4,5,9,5,9,6,7
Case2987;4,5,6,7
Case2416;4,5,6,7
Case1192;5,6,7
Case4491;4,5,6,7
Case2551;4,5,6,7
Case461;4,5,9,6,7
Case1131;4,5,6,7
Case59;4,5,6,6,7
Case799;4,5,9,6,7
Case693;4,5,6,7
Case4159;4,5,6,7
Case2326;4,5,9,6,7
Case2960;4,5,6,7
Case3736;5,6,7
Case4545;4,5,9,6,7
Case1732;4,5,6,7
Case3561;4,5,9,6,7
Case2904;4,5,9,6,6,7
Case4566;4,5,6,7
Case3467;4,5,6,5,6,7
Case695;4,5,9,5,6,7
Case3374;4,5,6,7
Case3945;4,5,6,7
Case1354;4,5,9,6,7
Case4010;4,5,6,6,7
Case1046;4,5,6,7
Case3536;4,5,6,7
Case3712;4,5,6,7
Case3878;4,5,6,7
Case2885;4,5,6,7
Case2833;4,5,9,6,7
Case4233;4,5,6,7
Case4304;4,5,5,6,7
Case1601;4,5,6,7
Case1995;4,5,9,6,7
Case3808;5,6,7
Case2;4,5,6,7
Case2711;4,5,6,7
Case4166;4,5,9,6,7
Case682;4,5,6,7
Case5;4,5,6,5,6,7
Case1569;4,5,6,7
Case4129;4,5,6,7
Case2226;4,5,6,7
Case417;4,5,9,6,7
Case4508;4,5,6,7
Case3468;4,4,5,6,7
Case785;4,5,6,7
Case4413;4,5,6,7
Case880;4,5,6,7
Case4205;4,5,6,7
Case3020;4,5,6,7
Case705;4,6,7
Case43;4,5,6,7
Case2085;4,5,6,6,7
Case2630;4,5,6,7
Case4570;4,5,6,6,7
Case3909;4,5,9,6,7
Case1800;4,5,6,7
Case2690;4,5,6,7
Case4041;4,5,6,7
Case2978;4,5,9,6,7
Case2958;4,5,6,7
Case1673;4,5,6,7
Case2421;4,5,6,7
Case1912;4,5,9,6,7
Case1128;4,5,6,7
Case179;4,5,6,7
Case68;4,5,6,7
Case1564;4,5,6,7
Case1032;4,5,9,6,7
Case3591;4,5,6,7
Case2612;4,5,9,6,7
Case3264;4,5,9,6,7
Case2705;4,5,6,7
Case381;4,5,6,7
Case3889;4,5,6,7
Case3667;4,5,6,7
Case3573;4,6,7
Case1295;4,5,6,7
Case200;4,5,6,7
Case491;4,5,9,6,7
Case4555;4,5,6,7
Case1847;4,5,6,7
Case4317;4,6,6,7
Case2906;4,5,6,7
Case3737;4,5,6,7
Case1742;4,5,6,7
Case2576;4,5,9,6,7
Case2648;4,5,6,7
Case425;4,5,9,6,7
Case883;4,5,9,5,9,6,6,7
Case3134;4,5,6,7
Case3646;4,5,5,6,7
Case3807;4,5,9,6,7
Case2844;4,5,6,7
Case3383;4,5,6,7
Case3178;4,6,7
Case1619;4,6,6,7
Case892;4,5,6,7
Case4222;4,5,9,6,7
Case1689;4,5,9,6,7
Case434;4,5,6,7
Case1321;4,5,9,6,7
Case1488;4,5,6,7
Case3160;4,5,6,7
Case1475;4,5,9,5,6,7
Case4416;4,5,5,6,7
Case2946;4,5,9,6,7
Case4386;4,5,6,6,7
Case738;4,4,5,6,7
Case859;4,5,6,7
Case2903;4,5,6,7
Case3558;4,5,6,7
Case1559;4,5,6,6,7
Case950;4,5,6,7
Case1908;4,5,9,6,7
Case3665;4,5,9,6,7
Case2803;4,5,6,7
Case3408;4,5,9,6,7
Case1537;4,5,9,6,7
Case4260;4,5,6,7
Case3352;4,5,6,7
Case274;4,5,6,7
Case336;4,5,6,7
Case1982;4,5,6,7
Case511;4,5,6,7
Case3171;4,5,6,7
Case3141;4,5,6,6,7
Case3285;4,5,6,7
Case3604;4,5,9,6,7
Case2242;4,5,6,7
Case3922;4,5,6,7
Case2739;4,5,9,6,7
Case1084;4,5,6,7
Case3762;4,5,6,7
Case2047;4,5,6,7
Case2202;4,5,6,7
Case120;4,5,9,6,7
Case706;4,5,6,7
Case1076;4,5,9,6,7
Case840;4,5,6,7
Case4272;4,5,6,7
Case752;4,5,6,7
Case2883;4,5,6,7
Case4001;4,5,6,7
Case796;4,5,9,6,7
Case3432;4,5,9,6,7
Case722;4,5,6,7
Case3309;4,5,6,6,7
Case602;4,5,9,6,7
Case3760;4,6,7
Case669;4,5,6,7
Case3804;4,5,9,5,9,6,7
Case285;4,5,6,7
Case1041;4,5,6,7
Case1320;4,5,6,7
Case721;4,5,6,7
Case3335;4,5,9,6,7
Case680;4,5,6,7
Case717;4,5,6,7
Case170;4,5,9,5,9,6,7
Case1683;4,5,6,7
Case3741;4,5,6,7
Case1467;4,5,6,7
Case4216;4,5,6,7
Case4468;4,6,7
Case4131;4,5,6,7
Case1188;4,5,6,7
Case4155;4,5,9,6,7
Case3783;4,5,6,7
Case3394;4,5,6,7
Case1256;4,5,9,6,7
Case2174;4,5,6,7
Case3814;4,5,6,7
Case418;4,5,6,7
Case4086;4,5,9,6,7
Case3381;4,5,6,7
Case3096;4,5,6,7
Case3904;4,5,9,6,7
Case305;4,5,9,6,7
Case853;4,5,6,7
Case2600;4,5,6,7
Case2729;4,5,9,6,7
Case1427;4,5,6,7
Case2584;4,5,9,5,6,7
Case3480;4,6,7
Case1871;4,5,6,7
Case3007;4,6,6,7
Case3731;4,5,6,7
Case1423;4,5,9,6,7
Case2691;4,5,9,6,7
Case1960;4,5,9,6,7
Case352;4,6,6,7
Case970;4,5,6,7
Case3640;4,5,6,7
Case1350;4,5,9,6,7
Case4208;4,5,6,7
Case3272;4,5,6,7
Case3430;4,5,6,7
Case3375;4,5,6,7
Case4319;4,5,6,7
Case1029;4,5,6,7
Case1649;4,5,6,7
Case2454;4,5,9,6,7
Case4455;4,5,6,7
Case4189;4,5,6,7
Case2986;4,5,6,7
Case2977;4,5,6,7
Case4515;4,5,6,7
Case1955;4,5,6,7
Case375;4,5,6,7
Case3939;4,5,6,7
Case4379;4,5,6,7
Case2273;4,5,6,7
Case4466;4,9,6,7
Case2073;4,5,9,6,7
Case4560;4,5,6,7
Case3313;4,5,6,7
Case1287;4,5,6,7
Case2677;4,6,7
Case2840;4,5,6,7
Case2002;4,5,6,7
Case2801;4,5,9,5,6,7
Case339;4,5,9,6,7
Case212;4,5,6,7
Case4292;4,5,6,7
Case857;4,5,9,6,7
Case2719;4,5,9,6,7
Case2533;4,5,6,7
Case1898;4,5,9,6,7
Case968;4,5,6,7
Case1201;4,5,6,7
Case541;4,5,6,7
Case1835;4,5,6,7
Case1020;4,5,9,6,7
Case1591;4,5,6,7
Case462;4,5,11,6,7
Case1068;4,5,6,7
Case3107;4,5,6,7
Case1873;4,5,6,6,7
Case479;4,6,7
Case3399;4,5,6,7
Case1316;4,5,6,7
Case2536;4,5,6,7
Case2886;4,5,6,7
Case3434;4,5,9,5,6,7
Case3944;4,5,6,7
Case4446;4,5,6,7
Case3159;5,5,5,6,7
Case2193;4,5,6,7
Case3971;4,5,6,7
Case4055;4,5,6,7
Case3199;4,5,6,7
Case4013;4,5,6,7
Case1125;4,5,6,7
Case241;4,5,6,7
Case1550;4,6,7
Case4460;4,5,6,7
Case2617;4,5,6,7
Case3161;4,5,6,7
Case4403;4,5,6,7
Case1536;4,5,6,7
Case152;4,5,6,7
Case1009;4,5,9,6,7
Case4373;4,5,6,7
Case749;4,5,9,6,6,7
Case3951;4,5,6,7
Case1154;4,9,5,6,6,7
Case641;5,6,7
Case2623;4,5,9,5,9,6,7
Case3781;5,6,7
Case1412;4,5,6,7
Case1992;4,5,6,7
Case3847;4,5,9,6,7
Case3713;4,5,6,7
Case1526;4,5,9,6,7
Case4556;4,5,6,7
Case1064;4,5,6,7
Case1483;4,5,6,7
Case3635;4,5,6,7
Case3263;4,5,6,7
Case1979;4,5,9,6,7
Case3859;4,5,6,7
Case1555;4,5,6,7
Case3869;4,5,9,6,7
Case453;4,5,6,6,7
Case1042;4,5,6,7
Case2898;4,5,6,5,6,7
Case2876;4,5,6,7
Case3970;4,5,6,7
Case670;4,5,6,7
Case1459;4,5,6,7
Case4395;4,5,9,5,9,6,7
Case1066;4,5,6,7
Case1267;4,5,6,7
Case877;4,5,9,6,7
Case3927;4,5,6,7
Case2511;4,5,6,7
Case372;4,5,6,7
Case3525;4,5,9,6,7
Case1998;4,5,9,6,7
Case2521;4,5,6,7
Case3675;4,5,6,7
Case4007;4,5,9,6,7
Case3979;4,5,6,7
Case3237;4,5,6,7
Case3327;4,5,6,7
Case4311;4,5,6,7
Case3948;4,5,9,6,7
Case2930;4,5,6,7
Case2366;4,5,9,6,7
Case2792;4,5,6,6,7
Case224;4,5,9,6,7
Case318;4,5,6,7
Case1090;4,5,6,6,7
Case2618;4,5,6,7
Case1950;4,5,6,7
Case62;4,6,7
Case1902;4,5,6,7
Case1750;4,5,9,6,7
Case3092;4,5,6,7
Case2128;4,5,6,6,7
Case570;4,5,6,7
Case633;4,5,6,7
Case1036;4,5,9,5,6,7
Case1343;4,5,9,6,7
Case1974;4,5,6,7
Case1489;4,5,6,7
Case3364;4,9,9,6,7
Case2973;4,5,6,7
Case492;4,5,6,7
Case2572;4,5,10,5,9,6,7
Case2689;4,5,6,7
Case561;4,5,6,7
Case1808;4,5,6,7
Case3115;4,5,9,6,7
Case4064;4,5,9,6,7
Case197;4,5,6,6,7
Case1216;4,5,6,7
Case537;4,5,9,6,7
Case3318;4,5,9,6,7
Case3486;4,5,9,6,7
Case3785;4,5,6,7
Case3190;4,5,6,7
Case1829;4,5,6,7
Case3299;4,5,6,7
Case552;4,5,6,7
Case501;4,4,5,6,7
Case776;4,5,6,7
Case3300;4,5,6,7
Case3986;4,5,6,7
Case3017;4,5,6,7
Case4297;4,5,6,7
Case2961;4,5,6,7
Case4240;4,5,6,7
Case1592;4,5,9,6,7
Case583;4,5,6,7
Case4230;4,5,9,6,7
Case2688;4,5,9,6,7
Case2641;4,5,9,6,7
Case1856;4,5,9,6,7
Case3401;4,5,6,6,7
Case2779;4,5,6,7
Case3900;4,5,6,7
Case1988;4,5,6,7
Case1056;4,5,6,7
Case1780;4,5,9,6,7
Case136;4,5,6,7
Case2723;4,5,6,5,6,7
Case4120;4,5,6,7
Case2761;4,5,6,7
Case2014;4,5,9,6,7
Case2573;4,5,6,7
Case1274;4,5,6,7
Case3521;4,5,6,7
Case773;4,5,6,7
Case1370;4,5,6,7
Case3779;4,5,11,11,11,6,7
Case124;4,5,6,7
Case3519;4,6,7
Case4551;4,5,9,6,7
Case3854;4,6,7
Case1660;4,5,6,7
Case1135;4,5,11,6,7
Case3060;4,5,6,7
Case819;4,5,6,7
Case2024;4,5,9,6,7
Case2487;4,5,6,7
Case519;4,5,6,7
Case3637;4,5,9,6,7
Case4542;4,5,6,7
Case4309;4,5,9,6,7
Case1977;4,5,6,7
Case886;4,5,6,7
Case2084;4,5,6,7
Case2139;4,5,11,5,9,6,7
Case1521;4,5,6,7
Case684;4,5,6,7
Case1136;4,6,7
Case1698;4,5,6,7
Case283;4,5,6,7
Case3679;4,5,6,7
Case2160;4,5,6,7
Case1972;4,5,6,7
Case2914;4,6,7
Case934;4,5,6,6,7
Case4420;4,5,6,7
Case2313;4,5,6,7
Case2293;4,5,6,6,7
Case2586;4,5,6,7
Case2462;4,5,6,6,7
Case3140;4,5,6,7
Case3786;4,5,6,7
Case448;4,5,9,6,7
Case86;4,5,9,6,7
Case3221;4,5,6,7
Case1094;4,5,6,7
Case3683;4,5,6,7
Case4266;8,4,5,6,7
Case1447;4,5,6,7
Case3955;4,5,6,7
Case654;4,5,6,7
Case3122;4,5,9,6,7
Case2276;4,6,7
Case3406;4,5,9,6,7
Case1741;4,5,6,7
Case3242;4,6,7
Case2764;4,5,9,6,6,7
Case51;4,5,9,6,7
Case3825;4,5,6,7
Case2899;4,5,6,7
Case4029;4,5,6,7
Case3133;4,5,6,7
Case2258;4,5,6,7
Case3245;4,5,6,7
Case4411;4,5,9,5,9,6,7
Case2939;4,5,6,7
Case3664;4,5,6,7
Case466;4,5,6,7
Case424;4,5,6,6,7
Case1137;4,5,6,7
Case990;4,5,6,7
Case266;4,6,6,7
Case1797;4,5,6,7
Case2318;4,5,9,9,9,6,7
Case3466;4,5,6,7
Case3109;4,5,6,7
Case3547;4,5,6,7
Case1271;4,6,7
Case3069;4,5,6,7
Case436;4,5,6,6,7
Case356;4,5,6,7
Case528;4,5,6,7
Case2188;4,5,6,7
Case4554;4,5,9,5,9,6,7
Case1415;4,5,6,7
Case3111;4,5,6,7
Case3897;4,5,11,10,6,16,17,12,7
Case4305;4,5,9,6,7
Case243;4,5,6,7
Case1462;4,5,9,6,7
Case1885;4,5,9,6,7
Case2225;4,4,5,6,7
Case2582;4,5,6,7
Case621;4,5,6,7
Case3700;4,5,6,7
Case132;4,5,9,6,7
Case2880;4,5,6,7
Case4115;4,5,6,7
Case4493;4,6,6,7
Case1548;4,5,6,7
Case307;4,5,6,7
Case3106;4,5,6,6,7
Case1552;4,5,6,7
Case3902;4,5,6,7
Case704;4,5,6,7
Case2479;4,6,7
Case581;4,5,9,6,7
Case3725;4,6,6,7
Case4557;4,5,6,7
Case1233;4,5,6,7
Case2907;4,5,6,7
Case4198;4,5,6,7
Case66;4,5,6,7
Case2656;4,5,6,7
Case2241;4,5,9,6,7
Case251;4,5,6,7
Case4151;4,5,6,7
Case937;4,5,11,6,7
Case3495;4,5,6,7
Case4142;4,5,9,6,7
Case3339;4,5,6,7
Case1281;4,5,6,6,7
Case1737;4,5,9,6,7
Case4076;4,5,6,7
Case1999;4,5,6,6,7
Case1739;4,5,6,7
Case2985;4,5,5,11,6,7
Case2579;4,6,7
Case3158;4,5,6,7
Case1039;4,5,6,7
Case650;4,5,6,7
Case1058;4,5,9,6,7
Case3290;4,5,6,7
Case4286;4,5,6,7
Case3715;4,5,6,7
Case3633;4,5,6,7
Case2194;4,6,7
Case3143;4,5,9,6,7
Case967;4,5,6,7
Case153;4,5,6,7
Case4015;4,5,6,7
Case1696;4,5,6,7
Case3407;4,5,6,7
Case2628;4,5,9,6,7
Case4357;4,6,6,7
Case3243;4,5,6,7
Case600;4,5,6,7
Case1690;4,5,9,6,7
Case1708;4,5,6,7
Case2066;4,6,7
Case2240;4,5,6,7
Case783;4,5,6,7
Case2419;4,5,9,6,7
Case683;4,5,6,7
Case3422;4,5,6,7
Case8;4,5,6,7
Case556;4,6,7
Case98;4,5,6,7
Case1920;4,5,6,7
Case2171;4,5,6,7
Case1262;4,5,6,7
Case3794;4,5,6,7
Case3862;4,5,6,7
Case4418;4,5,6,7
Case1844;4,5,9,6,7
Case2095;4,5,6,7
Case3387;4,5,6,7
Case653;4,4,6,7
Case3093;4,5,6,7
Case3799;4,5,6,7
Case1994;4,6,7
Case3268;4,5,6,7
Case627;4,5,6,7
Case1886;4,5,6,7
Case2989;4,5,6,7
Case981;4,5,6,6,7
Case366;4,5,6,7
Case2772;4,5,6,7
Case3328;4,5,6,7
Case3477;4,5,6,7
Case1810;4,5,9,6,7
Case4034;4,5,9,6,7
Case3632;4,5,6,7
Case3707;4,5,6,7
Case1063;4,5,6,7
Case357;4,5,6,7
Case614;4,5,6,7
Case2484;4,5,6,7
Case1092;4,6,7
Case1416;4,5,6,7
Case186;4,5,9,6,7
Case1854;4,5,9,6,7
Case1417;4,5,6,7
Case3473;4,5,6,7
Case565;4,5,9,6,7
Case2061;4,5,6,7
Case3620;4,6,7
Case4060;4,5,9,6,7
Case3236;4,5,6,7
Case3659;4,5,6,7
Case4475;4,5,6,7
Case510;4,5,9,6,7
Case4220;4,5,6,7
Case1922;4,5,6,7
Case1134;4,5,6,7
Case3427;4,5,6,7
Case2532;4,5,6,7
Case1344;4,5,6,7
Case1497;4,6,6,7
Case1072;4,4,5,6,7
Case176;4,5,6,7
Case2078;4,9,5,6,7
Case1751;4,5,6,7
Case1363;4,5,6,7
Case4298;4,6,7
Case2752;4,6,7
Case4027;4,5,6,7
Case3215;4,5,6,7
Case1317;4,6,7
Case3961;4,4,5,6,7
Case1106;4,5,6,7
Case1161;4,5,6,7
Case3395;4,5,6,7
Case4533;4,5,6,7
Case551;4,5,9,6,7
Case312;4,5,6,7
Case1251;4,5,9,6,7
Case4061;4,5,6,7
Case4547;4,5,6,7
Case1962;4,5,6,7
Case2497;4,5,6,7
Case4313;4,5,6,7
Case3393;4,5,6,7
Case4193;4,5,6,7
Case444;4,5,6,7
Case3647;4,5,6,7
Case338;4,5,6,7
Case117;4,5,6,7
Case4180;4,5,6,7
Case4051;4,5,6,7
Case495;4,5,6,7
Case4119;4,5,6,7
Case3497;4,5,6,7
Case309;4,5,6,7
Case787;4,5,6,7
Case2539;4,5,6,7
Case589;4,5,6,7
Case888;4,5,6,7
Case2214;4,5,6,7
Case2489;4,5,6,7
Case3189;4,5,6,7
Case458;4,5,6,7
Case686;4,5,6,7
Case4328;4,5,6,7
Case4526;4,5,6,7
Case3764;4,5,6,7
Case2996;4,5,6,7
Case2080;4,5,5,6,7
Case3024;4,6,7
Case22;4,5,9,6,7
Case700;4,6,6,7
Case2575;4,5,9,6,7
Case1143;4,5,6,7
Case4090;4,5,6,7
Case472;4,5,6,7
Case1230;4,5,6,7
Case2493;4,5,6,7
Case1187;4,5,6,7
Case1163;4,6,7
Case1086;4,5,6,7
Case4430;4,5,6,7
Case3281;4,5,6,7
Case3075;4,5,6,7
Case652;4,5,6,7
Case3371;4,5,9,6,7
Case4444;4,5,6,7
Case788;4,5,9,6,7
Case1038;4,5,6,7
Case1722;4,5,6,7
Case3769;4,5,6,7
Case1880;4,5,6,7
Case586;4,5,6,7
Case2029;4,5,6,7
Case93;4,5,6,7
Case2124;4,6,7
Case3025;4,5,6,7
Case4096;4,5,6,7
Case2259;8,4,5,6,7
Case4053;4,4,5,6,7
Case126;4,4,6,7
Case2386;4,5,6,7
Case972;4,5,6,7
Case497;4,5,6,7
Case938;4,5,9,6,7
Case1566;4,5,6,7
Case2549;4,5,6,7
Case4238;4,5,6,7
Case1103;4,5,6,7
Case768;4,5,5,9,6,7
Case741;4,5,6,7
Case3320;4,5,6,7
Case3891;4,5,6,7
Case2846;4,5,9,6,7
Case2491;4,5,6,7
Case2347;4,6,7
Case2012;4,5,6,7
Case52;4,5,6,7
Case2592;4,5,6,7
Case1801;4,5,6,7
Case882;4,5,6,7
Case811;4,6,6,7
Case1505;4,5,6,7
Case293;4,5,6,7
Case3870;4,6,7
Case4522;4,5,9,6,7
Case2250;4,9,6,7
Case482;4,6,6,7
Case613;4,5,6,7
Case4461;4,5,6,7
Case3353;4,5,6,7
Case2684;4,4,4,5,6,7
Case573;4,5,9,6,7
Case2237;4,6,6,7
Case2388;4,5,6,7
Case2440;4,5,6,7
Case29;4,5,6,7
Case1630;4,5,6,7
Case2096;4,5,6,7
Case2789;4,5,6,7
Case261;4,5,6,7
Case2342;4,5,9,9,6,7
Case2374;4,5,6,7
Case4106;4,5,6,7
Case1169;4,6,7
Case1116;4,5,6,7
Case2415;4,5,6,7
Case1122;4,5,6,7
Case901;4,6,6,7
Case1817;4,5,6,7
Case4037;4,5,6,7
Case3885;4,5,6,7
Case910;4,5,6,7
Case73;4,6,7
Case2534;4,5,6,7
Case1102;4,5,6,6,7
Case533;4,5,6,7
Case829;4,5,6,7
Case2474;4,5,6,7
Case3413;4,5,9,6,7
Case1112;4,5,9,9,6,7
Case1466;4,5,6,7
Case1587;4,5,9,6,7
Case2167;4,5,6,7
Case2791;4,5,6,7
Case1787;4,5,9,9,6,6,7
Case4469;4,5,6,7
Case3880;4,6,7
Case292;4,5,6,7
Case2074;4,5,6,7
Case3095;4,5,6,7
Case954;4,5,6,7
Case3844;4,5,6,7
Case2847;4,5,6,7
Case1101;4,5,6,7
Case1791;4,5,6,7
Case80;4,5,6,7
Case242;4,5,6,7
Case4355;4,5,6,7
Case211;4,6,7
Case3341;4,5,6,7
Case3738;4,5,6,7
Case3002;4,5,6,7
Case4248;4,6,7
Case2227;4,6,6,7
Case2634;4,5,6,7
Case397;4,5,6,7
Case3416;4,6,7
Case2390;4,5,6,7
Case427;4,5,6,7
Case4371;4,6,6,7
Case4422;4,5,6,7
Case4269;4,5,9,6,7
Case2187;4,5,6,7
Case3182;4,5,9,6,7
Case4030;4,5,6,7
Case3428;4,5,6,7
Case3898;4,5,6,7
Case755;4,5,6,7
Case876;4,5,9,6,7
Case2908;4,5,6,7
Case3511;4,5,6,7
Case4032;4,9,6,7
Case3086;4,5,6,7
Case1815;4,5,6,7
Case3943;4,5,6,7
Case2296;4,5,6,7
Case1075;4,5,6,7
Case3083;4,5,9,6,7
Case1327;4,9,6,7
Case4394;4,5,6,7
Case483;4,5,6,7
Case1356;4,5,6,7
Case2256;4,6,7
Case3180;4,5,6,7
Case4419;4,9,6,7
Case2609;4,5,9,6,7
Case2367;4,5,6,7
Case4282;4,5,6,7
Case3260;4,5,6,7
Case2220;4,5,6,7
Case3638;4,5,6,7
Case40;4,5,6,7
Case1290;4,5,6,7
Case1500;4,6,6,7
Case4054;4,5,6,7
Case1185;4,5,6,7
Case247;8,5,6,7
Case1968;4,5,6,7
Case2854;4,5,6,7
Case3249;4,5,11,11,5,6,6,7
Case3654;4,5,6,7
Case1330;4,6,6,7
Case4162;4,5,6,7
Case2455;4,5,9,6,7
Case3240;4,5,6,7
Case4396;4,5,6,7
Case2431;4,5,6,7
Case2607;4,5,6,7
Case3188;4,5,6,7
Case2875;4,5,9,6,7
Case1887;4,5,6,7
Case2097;4,5,6,7
Case3864;4,5,6,7
Case3288;4,5,9,6,6,7
Case3027;4,5,6,7
Case1313;4,5,6,7
Case4326;4,5,9,6,7
Case2403;4,5,6,7
Case1332;4,5,6,7
Case4365;4,5,9,6,7
Case4068;4,5,6,7
Case3657;4,5,6,7
Case503;4,5,10,11,6,7
Case1682;4,5,6,7
Case2504;4,5,9,6,7
Case3214;4,5,10,6,7
Case324;5,6,7
Case4359;4,5,9,6,7
Case1017;4,5,9,6,6,7
Case1946;4,5,6,7
Case4082;4,5,11,6,7
Case3426;4,5,6,7
Case4048;4,5,6,7
Case1338;4,6,7
Case498;4,5,6,6,7
Case2380;4,5,9,5,6,7
Case2714;4,5,6,7
Case2603;4,5,6,7
Case478;4,4,5,9,6,7
Case3071;4,5,10,11,6,7
Case502;4,5,6,7
Case1813;4,5,9,6,7
Case2713;4,5,9,6,7
Case769;4,5,6,7
Case3933;4,5,6,7
Case622;4,5,10,6,7
Case520;4,5,6,6,7
Case962;4,5,6,7
Case253;4,5,6,7
Case1580;4,5,9,6,7
Case2674;4,5,9,5,6,7
Case4456;4,5,9,6,7
Case1615;4,5,9,6,7
Case4398;4,5,9,5,9,6,7
Case2676;4,5,6,7
Case4478;4,5,9,5,6,7
Case2013;4,5,6,7
Case1449;4,9,5,9,6,7
Case4487;4,5,6,7
Case2290;4,5,9,6,7
Case1792;4,5,6,7
Case2108;4,5,6,7
Case2490;4,4,5,9,6,7
Case1903;4,5,9,6,7
Case1;4,5,5,6,7
Case2279;4,5,9,6,7
Case1179;4,5,9,6,7
Case1007;4,5,6,7
Case435;4,5,11,6,7
Case2447;4,5,5,6,7
Case4154;4,5,6,7
Case3542;4,5,9,6,7
Case708;4,5,9,6,7
Case1145;4,5,9,6,7
Case638;4,5,9,5,9,6,7
Case2949;4,5,9,6,7
Case4369;4,5,9,6,7
Case3957;4,5,5,6,7
Case4558;4,5,9,6,7
Case2897;4,5,11,5,6,7
Case233;4,5,9,6,7
Case3543;4,5,9,6,7
Case3865;4,5,11,6,7
Case780;4,5,9,6,7
Case2081;4,5,11,6,7
Case2104;4,5,11,6,7
Case2716;4,5,9,6,7
Case3016;4,4,5,6,7
Case3044;4,5,6,7
Case1924;4,5,6,7
Case2826;4,5,9,6,7
Case4501;5,9,5,9,6,7
Case3059;4,5,11,6,7
Case2197;4,5,9,6,7
Case2328;4,5,6,7
Case2558;4,5,9,6,7
Case46;4,5,5,9,6,7
Case821;4,5,6,7
Case1043;4,5,9,6,7
Case480;4,5,6,7
Case58;4,10,11,6,7
Case105;4,5,9,6,7
Case2681;4,5,9,6,7
Case1371;4,9,6,6,7
Case1096;4,5,6,7
Case2452;4,5,9,6,7
Case1070;4,5,6,5,9,6,7
Case3498;4,5,6,7
Case3439;5,6,5,9,5,9,6,7
Case1772;4,5,9,6,7
Case3376;4,5,6,7
Case4183;4,11,6,7
Case951;4,5,9,6,7
Case1176;4,5,9,6,7
Case1111;4,5,9,5,6,7
Case998;4,5,9,6,7
Case2152;4,5,9,6,7
Case3078;4,5,9,6,7
Case757;4,5,11,9,6,7
Case2253;5,9,6,7
Case374;4,5,9,6,7
Case2083;4,5,6,7
Case3009;4,5,9,5,6,7
Case959;4,5,6,7
Case1396;4,5,6,7
Case4424;4,5,9,6,7
Case4004;5,6,6,7
Case1771;4,5,6,7
Case3802;8,4,6,7
Case1272;4,5,6,7
Case378;4,5,6,7
Case1104;4,5,6,7
Case13;4,5,6,7
Case3976;4,5,9,6,7
Case506;4,5,11,6,7
Case2232;4,6,7
Case1764;4,11,6,6,7
Case2300;4,5,11,11,10,11
Case3128;4,5,6,7
Case23;4,5,6,7
Case343;4,5,9,6,7
Case1315;4,5,9,6,7
Case4338;4,5,9,5,9,6,7
Case4535;4,5,6,7
Case1663;4,6,7
Case2473;4,5,9,5,9,6,7
Case143;4,5,9,6,7
Case566;4,5,9,5,9,6,7
Case399;4,5,6,7
Case383;8,9,9
Case4485;4,5,9,6,7
Case875;4,5,6,7
Case1858;4,6,7
Case4370;8,9,9
Case2541;5,6,7
Case3373;4,5,6,7
Case691;4,5,6,7
Case3253;4,5,6,7
Case4160;4,5,6,7
Case1249;8,9,9,9,9
Case2481;4,5,11,6,7
Case2643;4,6,7
Case3231;4,5,6,7
Case1519;4,6,6,7
Case1918;4,6,7
Case4145;4,5,6,7
Case1795;4,5,9,6,7
Case1776;4,5,6,7
Case1057;4,5,11,9,6,7
Case2239;4,5,6,6,5,9,6,7
Case2176;4,5,6,7
Case3331;4,5,6,7
Case1359;8,9,9
Case2465;4,5,6,7
Case805;4,5,9,6,7
Case2668;4,4,5,11,6,7
Case147;4,5,6,7
Case3601;4,5,6,7
Case3126;4,5,9,6,7
Case2765;4,5,9,9,6,7
Case2163;4,5,9,6,7
Case1664;5,6,7
Case626;4,5,9,6,7
Case3532;4,5,6,7
Case1754;4,5,9,6,7
Case2499;4,5,9,6,7
Case3351;4,5,6,6,7
Case3676;4,5,6,6,7
Case3745;4,5,9,6,7
Case930;4,5,6,7
Case3015;4,5,11,6,7
Case939;4,5,9,9,6,7
Case679;4,5,6,7
Case1831;4,5,9,6,7
Case3535;4,5,6,7
Case4067;4,5,6,7
Case603;4,5,6,6,7
Case2599;4,5,9,6,7
Case701;4,5,6,7
Case2093;4,5,6,7
Case4147;4,5,9,6,7
Case988;4,5,9,6,7
Case487;4,5,6,7
Case2962;4,5,9,6,7
Case1704;4,5,6,7
Case2891;4,5,9,6,7
Case1894;4,5,6,7
Case2391;4,5,6,7
Case1301;4,5,9,6,7
Case2614;4,5,9,6,7
Case408;4,4,5,9,6,7
Case1386;4,5,6,6,7
Case1193;4,5,6,7
Case2550;4,5,9,9,6,6,7
Case728;4,5,6,7
Case154;4,5,9,6,7
Case3273;4,5,6,7
Case1087;4,5,9,6,5,6,7
Case3552;4,5,6,7
Case380;4,6,7
Case2267;4,5,9,6,7
Case4009;4,5,9,6,7
Case984;5,6,7
Case3184;4,5,9,6,7
Case2956;4,9,6,7
Case169;4,6,7
Case262;4,5,9,6,9,6,7
Case1987;4,9,6,7
Case2964;4,5,9,6,7
Case3539;4,5,6,7
Case2834;4,5,9,6,7
Case2134;4,9,5,6,7
Case1275;4,5,6,7
Case2330;4,5,6,7
Case4069;4,5,6,7
Case3294;4,5,9,5,6,7
Case3530;4,5,6,7
Case4324;4,5,6,7
Case1812;4,5,6,7
Case2203;4,5,6,7
Case807;4,11,6,7
Case4352;4,5,9,6,7
Case414;4,4,5,6,7
Case1655;4,5,6,7
Case4107;4,5,9,9,6,7
Case2971;4,5,6,7
Case645;4,5,6,7
Case676;5,9,6,7
Case964;4,5,6,7
Case3056;4,5,6,7
Case3382;4,5,6,7
Case1441;4,5,6,7
Case1124;4,5,6,7
Case348;4,5,6,7
Case1604;4,5,9,6,7
Case3010;4,5,9,6,7
Case2992;4,5,9,6,7
Case370;4,5,6,7
Case1471;4,5,11,6,7
Case2514;4,5,9,9,6,7
Case1054;4,5,9,6,7
Case3037;4,5,9,6,7
Case2007;4,5,11,6,6,7
Case2398;4,5,9,6,7
Case3662;4,5,9,9,6,7
Case1603;4,6,6,7
Case1292;4,5,6,7
Case2851;4,5,6,7
Case412;4,5,9,6,7
Case4385;4,4,5,6,7
Case4389;4,5,11,6,7
Case4073;4,5,9,6,7
Case3418;4,5,11,6,7
Case989;4,5,9,6,7
Case529;4,9,9,6,7
Case999;4,5,6,7
Case2591;4,5,9,6,7
Case3043;4,5,6,7
Case65;4,5,9,6,7
Case3656;4,5,9,9,6,7
Case2141;4,5,6,7
Case782;4,5,9,6,7
Case3692;4,6,5,6,7
Case1144;4,6,5,11,6,7
Case115;4,5,9,9,6,7
Case1019;4,5,9,6,7
Case554;4,6,7
Case2700;4,5,9,6,7
Case106;4,6,7
Case2399;4,5,5,6,7
Case3073;4,5,9,6,7
Case1388;4,5,11,11,6,7
Case308;4,5,6,7
Case3344;4,6,6,5,6,6,7
Case906;4,5,6,7
Case3645;4,5,11,6,7
Case3262;4,5,6,7
Case4156;4,5,9,6,7
Case1487;4,5,6,7
Case1868;4,5,9,6,7
Case15;4,4,5,6,7
Case527;4,9,4,4,5,6,7
Case3398;4,5,6,7
Case2659;4,5,9,9,5,6,7
Case824;4,5,6,7
Case349;4,5,9,6,7
Case1261;5,5,6,7
Case553;4,5,9,6,7
Case3963;4,5,11,11,6,6,7
Case1495;4,5,11,11,6,7
Case3229;4,5,6,7
Case2228;4,5,6,7
Case331;4,5,11,6,7
Case2268;4,5,6,7
Case3444;4,10,10,14,14,11,6,7
Case4206;4,5,6,7
Case3139;4,5,11,5,6,7
Case4361;4,5,11,6,7
Case963;4,5,6,7
Case3551;4,5,9,6,7
Case3403;4,5,6,7
Case2577;4,5,6,7
Case4165;4,4,5,9,6,7
Case89;4,5,6,7
Case557;5,6,7
Case2866;4,5,9,6,7
Case1574;4,5,6,7
Case332;4,5,9,6,7
Case1303;4,5,11,6,7
Case2741;4,5,6,7
Case656;4,5,9,6,6,7
Case2476;4,5,11,6,7
Case2142;4,5,6,7
Case2021;4,5,9,6,7
Case1409;4,5,6,7
Case1366;4,5,9,6,7
Case825;4,5,6,7
Case18;4,5,6,6,7
Case1681;4,5,9,6,7
Case1164;4,5,6,7
Case4407;4,5,9,6,7
Case1142;4,5,9,11,9,6,7
Case1826;4,5,9,6,7
Case1869;4,5,6,7
Case4127;4,5,6,7
Case4575;4,5,9,6,7
Case63;4,5,6,7
Case1718;4,5,9,6,7
Case3678;4,5,6,7
Case532;4,5,6,5,9,6,7
Case1001;4,5,6,7
Case326;4,5,11,11,6,7
Case1304;4,5,9,6,7
Case1650;4,10,10,14,14,11,6,7
Case1553;4,5,6,7
Case1023;4,6,6,7
Case2201;4,5,6,7
Case447;4,6,7
Case2873;4,5,9,6,7
Case4026;4,5,9,10,11,6,7
Case732;4,10,5,10,11,12,13,6,7
Case1506;4,9,9,5,6,6,7
Case2598;4,5,6,7
Case12;4,5,6,7
Case2970;4,5,11,9,6,7
Case3819;4,5,9,6,7
Case2229;4,9,6,7
Case1432;4,5,6,7
Case3832;4,5,9,9,6,5,6,7
Case4415;4,5,6,7
Case1501;5,6,6,7
Case4423;4,4,5,6,7
Case3663;4,5,9,6,7
Case2183;4,5,9,6,7
Case4197;4,4,4,5,6,7
Case2362;5,9,6,7
Case3448;4,5,6,7
Case747;4,5,9,6,7
Case2770;4,5,6,7
Case2348;4,5,9,6,7
Case1761;4,5,6,7
Case3899;4,5,9,6,7
Case1318;4,5,11,6,7
Case3034;4,5,9,6,7
Case2593;4,11,6,7
Case1088;4,6,6,7
Case97;4,5,6,7
Case3440;4,5,9,6,7
Case3766;4,5,9,6,7
Case1238;4,5,9,11,6,7
Case949;4,5,6,7
Case2596;4,5,9,6,7
Case3360;4,5,6,7
Case841;4,5,6,7
Case2315;4,5,6,7
Case4301;4,5,9,6,7
Case313;4,5,9,11,9,6,6,7
Case2848;4,5,9,6,7
Case3035;4,5,6,7
Case2157;4,6,6,7
Case2984;4,5,6,6,7
Case69;4,5,6,7
Case1305;4,5,6,7
Case2215;4,5,6,7
Case3145;4,5,9,6,7
Case1323;4,5,6,7
Case606;4,5,6,7
Case129;4,6,7
Case3992;4,5,11,6,7
Case3336;4,5,6,7
Case1570;4,5,6,7
Case2059;4,5,9,6,7
Case1915;4,5,6,7
Case3449;4,4,5,9,6,7
Case1730;4,5,9,6,7
Case2492;4,5,6,7
Case1679;4,5,9,6,7
Case1465;4,5,9,6,7
Case2035;4,5,10,11,6,7
Case3563;4,5,6,7
Case3372;4,5,9,6,7
Case446;4,5,9,6,7
Case2117;4,9,9,6,5,6,6,7
Case2037;4,6,7
Case193;4,5,9,6,7
Case3046;4,9,6,7
Case100;4,5,11,6,7
Case2168;4,5,9,9,6,7
Case3614;4,5,6,7
Case31;4,5,10,11,6,7
Case2571;4,5,9,6,7
Case1319;4,5,6,7
Case1239;4,5,9,6,7
Case4194;4,5,6,7
Case1027;4,5,9,6,7
Case3569;5,6,7
Case2616;4,9,6,7
Case1543;4,5,9,6,7
Case1254;4,4,9,9,6,7
Case3338;4,11,6,7
Case1975;4,5,6,7
Case2881;4,11,11,6,7
Case3546;4,5,9,6,7
Case4241;4,5,6,7
Case2555;4,5,9,6,7
Case2322;4,5,6,7
Case456;4,5,6,7
Case1109;4,5,9,6,7
Case202;4,5,9,6,7
Case980;4,4,6,7
Case986;4,5,9,6,7
Case3517;4,5,9,6,7
Case1450;4,5,9,6,7
Case845;4,5,9,6,7
Case849;4,5,6,7
Case2849;4,6,6,7
Case1610;4,5,6,7
Case140;4,5,6,7
Case3913;4,6,7
Case3324;4,5,9,6,7
Case504;4,5,9,6,7
Case1577;8,4,4,5,6,7
Case3974;4,5,9,6,7
Case1246;4,5,9,6,7
Case3696;4,5,9,6,7
Case286;4,5,6,7
Case3643;4,5,9,6,7
Case484;4,5,9,6,7
Case33;4,5,6,7
Case1393;4,4,5,9,6,7
Case3334;4,5,6,7
Case3775;4,5,9,6,7
Case4431;4,5,9,6,7
Case2177;4,9,9,6,7
Case2860;4,5,9,6,7
Case235;8,4,5,9,6,7
Case2285;4,9,5,9,6,7
Case2381;4,4,4,6,6,7
Case1250;5,9,6,5,9,6,7
Case4530;4,4,6,7
Case1884;4,5,9,6,7
Case1843;4,4,6,7
Case2620;4,5,11,6,7
Case1484;4,5,9,6,7
Case3634;5,9,6,7
Case3673;4,5,9,5,9,6,7
Case3226;4,6,7
Case4410;4,5,9,5,6,7
Case630;4,5,6,7
Case1375;4,5,6,7
Case4172;4,5,9,6,7
Case2335;4,5,9,6,7
Case1433;4,5,9,6,7
Case20;4,5,9,6,7
Case2245;4,5,9,6,7
Case3537;4,5,6,7
Case2622;5,9,6,7
Case2050;4,5,9,6,7
Case4212;4,5,6,7
Case1221;4,5,9,6,7
Case2934;4,5,9,6,7
Case696;4,5,6,7
Case1026;4,5,11,6,7
Case4421;4,5,9,6,7
Case1309;4,6,7
Case156;4,5,6,7
Case1451;4,5,11,6,6,7
Case3058;4,5,11,6,6,7
Case1384;4,6,6,7
Case4031;4,6,6,7
Case839;5,9,6,7
Case3289;4,5,6,7
Case4532;4,6,7
Case1387;4,5,9,6,7
Case2774;4,6,6,5,6,7
Case2686;5,6,7
Case3529;4,5,9,6,7
Case4257;4,5,9,6,7
Case3176;4,5,11,9,6,7
Case2625;4,5,6,7
Case2797;5,6,7
Case2988;4,6,6,7
Case2777;4,5,9,6,7
Case3599;4,5,6,7
Case3186;4,5,9,6,7
Case3674;4,5,6,7
Case3349;4,5,9,6,7
Case2156;4,5,6,7
Case2022;4,4,4,9,6,7
Case3613;4,5,11,6,7
Case3358;4,5,11,6,7
Case191;4,4,5,6,7
Case1874;8,4,5,9,6,7
Case296;4,5,9,6,7
Case4417;4,9,6,6,7
Case826;4,5,9,6,7
Case3419;4,5,6,7
Case2308;4,5,9,6,7
Case3103;4,5,11,6,7
Case2068;4,5,6,7
Case2126;4,5,9,6,7
Case1364;4,5,9,11,11,6,7
Case3222;4,5,6,7
Case2788;4,5,9,6,7
Case402;4,5,6,7
Case421;4,5,6,7
Case2839;4,5,9,6,7
Case2931;4,5,9,11,6,6,7
Case664;4,5,9,6,7
Case2219;4,5,9,5,6,7
Case1398;4,5,9,6,7
Case2105;4,5,9,6,7
Case4161;4,5,6,7
Case961;4,5,9,6,7
Case210;4,5,9,6,7
Case34;4,5,9,9,6,7
Case3021;4,5,6,7
Case1799;4,5,11,6,7
Case3641;4,5,9,6,7
Case2191;4,5,9,6,7
Case2966;4,5,9,6,7
Case144;4,5,9,6,7
Case1510;4,5,9,6,7
Case333;4,5,9,6,7
Case3818;4,5,6,7
Case2581;4,4,5,9,6,7
Case184;4,5,5,9,6,7
Case2112;4,5,9,6,7
Case346;4,9,9,6,7
Case2417;4,5,9,11,6,7
Case3888;4,6,7
Case4383;4,5,6,7
Case831;4,5,9,6,7
Case2968;4,5,9,6,7
Case525;4,4,5,9,9
Case3192;4,5,10,6,7
Case1535;4,4,4,6,7
Case4351;4,5,9,6,7
Case1900;4,5,9,6,7
Case1916;4,5,9,6,7
Case1978;4,9,5,9,6,7
Case1010;4,5,11,6,7
Case3142;4,5,9,6,7
Case3983;4,5,9,6,7
Case3239;4,6,7
Case1691;8,4,5,9,6,7
Case1709;4,5,9,6,7
Case2721;4,5,9,6,7
Case3666;4,5,9,6,7
Case3583;4,5,9,6,7
Case1605;4,5,5,9,6,7
Case1210;4,9,6,7
Case3462;4,5,9,6,7
Case4084;4,5,9,6,7
Case2302;4,5,9,6,7
Case1397;4,5,9,6,7
Case2512;4,5,9,6,6,7
Case1269;4,5,5,9,6,7
Case2910;4,5,9,6,7
Case4332;4,5,6,7
Case367;4,9,9,6,7
Case1848;4,5,9,6,7
Case192;4,4,5,6,7,5,6,7
Case3118;4,5,9,9,10,6,7
Case3565;4,5,9,6,7
Case2211;4,5,9,6,7
Case2530;4,5,6,7
Case2932;4,5,9,6,7
Case1110;4,5,9,6,7
Case4325;4,5,6,7
Case2125;4,5,9,11
Case3212;4,5,9,6,7
Case530;4,5,9,9,9,6,7
Case639;4,5,9,6,7
Case3562;4,5,9,6,5,6,7
Case3315;4,5,6,7
Case1609;4,5,9,6,7
Case337;4,5,6,7
Case523;5,9,6,7
Case2665;4,5,9,6,7
Case83;4,5,9,6,7
Case631;5,9,5,9,6,7
Case2172;4,5,6,7
Case1464;4,5,9,6,7
Case4187;4,5,9,5,9
Case1358;4,5,9,6,7
Case2522;4,5,9,6,6,7
Case1760;4,5,6,5,9,5,6,7
Case2905;4,5,6,7
Case3112;4,5,6,7
Case3357;4,5,9,6,7
Case3582;4,5,9,6,7
Case1788;4,5,9,6,7
Case3877;4,5,9,6,7
Case1571;4,5,9,9,9,9,9
Case2611;4,5,9,6,7
Case1457;4,5,9,6,7
Case3362;4,5,9,6,7
Case470;4,5,9,6,7
Case894;4,5,9,9,6,7
Case1671;4,5,6,7
Case2458;4,5,9,6,7
Case4300;4,5,9,9,6,7
Case299;4,5,9,6,7
Case4348;4,5,11,6,7
Case2631;4,5,9,6,7
Case3442;4,5,6,7
Case1509;4,5,9,6,7
Case1892;4,5,9,6,7
Case2720;4,5,11,6,7
Case775;4,5,9,6,7
Case145;4,5,11,9,6,7
Case3276;4,5,11,6,7
Case1882;4,5,6,7
Case1814;4,5,9,6,7
Case4537;4,5,6,7
Case2143;4,5,11,6,7
Case131;4,5,6,7
Case3742;4,5,6,7
Case2236;4,5,9,6,7
Case237;4,5,11,6,7
Case2432;4,5,9,6,7
Case4255;4,5,6,6,7
Case4465;4,5,9,6,7
Case2814;4,5,6,7
Case2123;4,4,5,6,6,7
Case2569;4,5,9,6,7
Case282;4,5,6,7
Case3592;4,5,9,6,7
Case3798;4,5,6,7
Case1674;4,5,9,6,7
Case1314;4,5,10,6,7
Case1823;4,5,9,6,7
Case507;4,5,6,7
Case2062;4,5,9,6,7
Case39;4,5,9,6,7
Case3822;4,5,9,6,7
Case2092;4,5,9,6,7
Case3172;4,5,9,6,7
Case467;4,5,9,5,11,6,7
Case3475;4,5,6,7
Case3928;4,5,9,6,7
Case3708;4,5,9,6,7
Case856;4,5,9,6,7
Case361;4,5,9,6,5,9,6,7
Case230;4,4,5,9,6,7
Case3787;4,5,9,5,6,7
Case1460;4,5,9,5,9,6,7
Case1828;4,5,6,7
Case232;4,5,9,9,6,6,7
Case114;4,5,9,5,9,6,7
Case3896;4,5,9,6,7
Case2667;4,5,9,9,6,5,9,6,7
Case3314;4,5,9,6,7
Case3233;4,5,6,7
Case2346;8,4,5,9,6,7
Case3770;4,5,9,6,7
Case2613;4,5,9,9,9,6,6,7
Case2356;4,5,9,9,6,7
Case4563;4,5,9,6,7
Case441;5,6,6,7
Case3251;4,5,9,6,7
Case317;4,5,11,6,7
Case3516;4,5,11,6,7
Case979;4,5,6,7
Case1478;4,4,5,9,5,9,6,7
Case77;4,5,9,6,7
Case3061;4,5,11,6,7
Case3912;4,5,9,6,7
Case1697;4,5,9,6,7
Case3436;4,5,9,9,9,9,6,7
Case1746;4,5,9,6,7
Case1675;4,5,6,7
Case3148;5,9,6,7
Case2776;5,9,5,9,6,7
Case3946;4,5,9,6,7
Case3113;4,5,9,9,5,9,6,7
Case2734;4,5,9,6,7
Case2375;4,4,4,5,6,7
Case433;4,5,9,9,6,7
Case79;4,5,9,9,6,7
Case2981;4,4,5,11,11,6,7
Case3669;4,4,5,9,5,11,11,6,7
Case559;4,5,9,6,7
Case2975;4,9,4,5,9,9,5,6,7
Case3930;4,5,6,7
Case1901;4,5,9,6,7
Case2368;4,4,5,6,5,6,6,6,11,5,9,9,6,7
Case2466;4,5,11,11,6,7
Case2103;4,5,9,6,7
Case1711;4,5,9,6,7
Case911;4,5,5,6,7
Case881;4,5,9,6,7
Case3776;4,4,5,9,6,7
Case474;4,4,4,5,9,6,7
Case2436;4,6,7,5
Case265;4,5,6,7
Case1961;4,5,6,7
Case1113;4,5,9,6,7
Case407;4,5,9,6,7
Case3705;4,5,6,5,9,6,7
Case364;4,5,9,6,7
Case868;4,5,10,6,7
Case558;4,5,5,6,7
Case1079;4,5,9,9,6,7
Case1562;4,5,9,6,7
Case624;4,5,9,6,7
Case3653;4,5,6,7
Case2448;4,5,6,7
Case3884;4,5,9,5,6,7
Case3323;4,5,10,11,11,6
Case2451;4,5,10,11,11,6
Case28;4,5,10,11,11,6
Case4006;4,5,9,5,9,6,7
Case4337;4,5,9,6,7
Case4185;4,5,11,6,7
Case496;4,5,9,6,7
Case1420;4,5,15,6,7
Case3688;4,4,5,6,7
Case4506;4,5,9,6,7
Case4463;4,5,10,10,14,14,11,10,6
Case107;4,5,9,6,7
Case1723;4,5,9,6,7
Case593;4,5,6,7
Case2508;4,5,6,7
Case1445;4,5,6,7
Case3454;4,5,5,9,6,7
Case82;4,5,9,6,7
Case384;4,5,9,6,7
Case3254;4,5,9
Case1156;4,5,9,6,7
Case4544;4,5,6
Case4149;4,5,9,6,7
Case4268;5,9,6,7
Case3121;4,5,6,4,5,6,7
Case2210;4,5,6,7
Case3013;4,5,5,9,6,7
Case7;4,4,4,5,6,7
Case3409;4,5,10,14,14,11
Case54;4,5,6,7
Case3038;4,5,9,5,9,6,7
Case3670;4,5,6,7
Case3443;4,5,11,6
Case3857;4,5,9,6,7
Case4353;4,5,5,9,9,6,7
Case3008;4,5,6,7
Case3077;4,11,6,7
Case4511;4,5,11,6,6,7
Case1299;4,5,9,6,7
Case1777;4,5,6,7
Case1658;4,5,11,6,7
Case3890;4,5,9,6,7
Case575;4,5,9,6,7
Case1860;4,5,9,6,7
Case4259;4,5,5,6,7
Case1507;4,5,9,6,7
Case3465;4,5,9,6,7
Case1407;4,5,9,5,9,6,7
Case2918;4,5,11,5,6,7
Case4354;4,5,11,6
Case4426;4,5,9,6,7
Case809;4,5,9,6,7
Case382;4,5,9,5,11,6
Case3600;4,5,9,6,7
Case2121;4,5,6,7
Case1159;4,5,9,6,7
Case3082;4,4,5,9,6,7
Case1235;4,5,9,9,6,7
Case345;4,5,6,7
Case1980;4,5,9,6,7
Case4074;4,5,9,6,7
Case4017;4,5,9,6,7
Case3905;4,5,9,6,7
Case2585;4,5,9,6,7
Case595;4,5,9,6,7
Case2498;4,5,9,6,7
Case1129;4,5,9,5,6,7
Case3567;4,5,9,6,7
Case323;4,5,9,6,7
Case685;5,9,6,7
Case2666;4,4,5,9,9,6,7
Case594;4,5,6,7
Case438;4,5,11,9,6,7
Case1735;4,11,6,6,7
